FID,objectid,code_abri_velo,nom_abri_velo,adresse,code_postal,code_insee,commune,capacite,mise_en_service,longitude,latitude,mode_abri,equipement_associe,horaire_ouverture,geom
abri_velo.15,15,A21,Loos - Mairie,2 Square Eugène Thomas,59120,59360,Loos,18,2016-04-01,3.012336,50.614588,Automatisé,Système de gonflage,"24h/24h, 7j/7j",POINT (50.614588 3.012336)
abri_velo.16,16,A29,Marcq-en-Baroeul - Cerisaie,Avenue de la Marne,59700,59378,Marcq-en-Barœul,28,2025-03-01,3.111562,50.678116,Automatisé,Système de gonflage,"24h/24h, 7j/7j",POINT (50.678116 3.111562)
abri_velo.17,17,A15,Marcq-en-Baroeul - Croisé Laroche,Place Lisefranc,59700,59378,Marcq-en-Barœul,18,2014-09-01,3.103728,50.665991,Automatisé,Système de gonflage,"24h/24h, 7j/7j",POINT (50.665991 3.103728)
abri_velo.18,18,A18,Mons-en-Baroeul - Mairie,27 Avenue Robert Schuman,59370,59410,Mons-en-Barœul,28,2015-08-01,3.1101,50.642837,Automatisé,Système de gonflage,"24h/24h, 7j/7j",POINT (50.642837 3.1101)
abri_velo.19,19,A16,Mouvaux - 3 Suisses,6 Boulevard de la Marne,59420,59421,Mouvaux,18,2014-09-01,3.138302,50.69899,Automatisé,Système de gonflage,"24h/24h, 7j/7j",POINT (50.69899 3.138302)
abri_velo.20,20,A7,Quesnoy-sur-Deûle  - Mairie,5 Rue du Président Poincaré,59890,59482,Quesnoy-sur-Deûle,18,2013-06-01,3.000769,50.712951,Automatisé,Système de gonflage,"24h/24h, 7j/7j",POINT (50.712951 3.000769)
abri_velo.21,21,A10,Ronchin - Mairie,650 Avenue Jean Jaurès,59790,59507,Ronchin,28,2013-11-01,3.077856,50.605669,Automatisé,Système de gonflage,"24h/24h, 7j/7j",POINT (50.605669 3.077856)
abri_velo.22,22,A25,Roubaix - Épeule Montesquieu,210 rue de Lille,59100,59512,Roubaix,28,2017-04-01,3.162923,50.68397,Automatisé,Système de gonflage,"24h/24h, 7j/7j",POINT (50.68397 3.162923)
abri_velo.33,33,A4,Wasquehal - Pavé de Lille,101 Avenue de Flandre,59290,59646,Wasquehal,28,2013-05-01,3.130022,50.664155,Automatisé,Système de gonflage,"24h/24h, 7j/7j",POINT (50.664155 3.130022)
abri_velo.34,34,A9,Wattignies - Laënnec,1 Avenue Charles Guillain,59139,59648,Wattignies,28,2013-09-01,3.050619,50.589018,Automatisé,Système de gonflage,"24h/24h, 7j/7j",POINT (50.589018 3.050619)
abri_velo.35,35,A11,Wattrelos - Centre,31 Contour Saint-Maclou,59150,59650,Wattrelos,18,2013-12-01,3.214476,50.701454,Automatisé,Système de gonflage,"24h/24h, 7j/7j",POINT (50.701454 3.214476)
abri_velo.1,1,H1,Armentières - Gare,Rue de Comines,59280,59017,Armentières,70,,2.877374,50.680972,Humanisé,,"Lundi-Vendredi : 04:45 - 00:30, Samedi : 05:45 - 00:30",POINT (50.680972 2.877374)
abri_velo.2,2,A23,Comines - Centre,12 avenue de Versailles,59560,59152,Comines,28,2016-10-01,3.011547,50.761928,Automatisé,Système de gonflage,"24h/24h, 7j/7j",POINT (50.761928 3.011547)
abri_velo.3,3,A6,Croix - Centre,Rue de la Fonderie,59170,59163,Croix,68,2013-05-01,3.145916,50.674954,Automatisé,Système de gonflage,"24h/24h, 7j/7j",POINT (50.674954 3.145916)
abri_velo.4,4,A17,Halluin - Centre,Place Pierre Semard,59250,59279,Halluin,28,2024-12-01,3.119719,50.780946,Automatisé,Système de gonflage,"24h/24h, 7j/7j",POINT (50.780946 3.119719)
abri_velo.5,5,A1,Haubourdin - Jardin Public,86 Rue Sadi Carnot,59320,59286,Haubourdin,28,2013-01-01,2.988615,50.611361,Automatisé,Système de gonflage,"24h/24h, 7j/7j",POINT (50.611361 2.988615)
abri_velo.6,6,A27,Hellemmes - Mairie,Place Joseph Hentgès,59260,59350,Lille,28,2018-12-01,3.109026,50.627533,Automatisé,Système de gonflage,"24h/24h, 7j/7j",POINT (50.627533 3.109026)
abri_velo.7,7,A13,Hem - 3 Fermes,12 rue des 3 Fermes,59510,59299,Hem,28,2014-06-01,3.200574,50.662576,Automatisé,Système de gonflage,"24h/24h, 7j/7j",POINT (50.662576 3.200574)
abri_velo.8,8,A12,La Madeleine - Romarin,101 Avenue de la République,59110,59368,La Madeleine,18,2014-05-01,3.075042,50.645694,Automatisé,Système de gonflage,"24h/24h, 7j/7j",POINT (50.645694 3.075042)
abri_velo.9,9,H2,Lille - C.H.U. Eurasanté,Boulevard Eugène Duthoit,59000,59350,Lille,36,,3.040099,50.607865,Humanisé,,Lundi-Samedi : 06:00 - 00:00,POINT (50.607865 3.040099)
abri_velo.10,10,A26,Lille - Porte de Douai,62 Boulevard de Belfort,59000,59350,Lille,28,2018-09-01,3.071473,50.618012,Automatisé,Système de gonflage,"24h/24h, 7j/7j",POINT (50.618012 3.071473)
abri_velo.11,11,A19,Lille - Porte des Postes,Place Barthélémy Dorez,59000,59350,Lille,48,2015-10-01,3.049909,50.617921,Automatisé,Système de gonflage,"24h/24h, 7j/7j",POINT (50.617921 3.049909)
abri_velo.12,12,A20,Lille - Wazemmes,93 Rue Racine,59000,59350,Lille,28,2015-11-01,3.051647,50.623358,Automatisé,Système de gonflage,24h/24h,POINT (50.623358 3.051647)
abri_velo.13,13,A5,Lomme - Maison des Enfants,Avenue de Dunkerque,59160,59350,Lille,28,2013-05-01,2.994472,50.646144,Automatisé,Système de gonflage,"24h/24h, 7j/7j",POINT (50.646144 2.994472)
abri_velo.14,14,H3,Lomme - Saint Philibert,Rue du Grand But,59160,59350,Lille,36,,2.97502,50.653009,Humanisé,,Lundi-Samedi : 06:00 - 00:00,POINT (50.653009 2.97502)
abri_velo.23,23,A24,Roubaix - Eurotéléport,Parking McArthurGlen Roubaix,59100,59512,Roubaix,60,2016-12-01,3.179592,50.691165,Automatisé,Système de gonflage,24h/24h 7j/7j,POINT (50.691165 3.179592)
abri_velo.24,24,H4,Sainghin-en-Weppes - Don Sainghin,Place Victor Hugo,59184,59524,Sainghin-en-Weppes,73,,2.914022,50.55142,Humanisé,,"Lundi-Vendredi : 05:30 - 21:30 ,  Samedi : 06:30-21:30",POINT (50.55142 2.914022)
abri_velo.25,25,A22,Seclin - Gare,Rue Pierre Semard,59113,59560,Seclin,100,2016-09-01,3.034268,50.547452,Automatisé,Système de gonflage,Lundi-Vendredi : 05:30 - 21:30,POINT (50.547452 3.034268)
abri_velo.26,26,A2,St André - Mairie,76 Rue du Général Leclerc,59350,59527,Saint-André-lez-Lille,28,2013-05-01,3.051002,50.660206,Automatisé,Système de gonflage,"24h/24h, 7j/7j",POINT (50.660206 3.051002)
abri_velo.27,27,A14,Tourcoing - Centre,16 Rue Fidèle Lehoucq,59200,59599,Tourcoing,28,2014-07-01,3.158724,50.720457,Automatisé,Système de gonflage,"24h/24h, 7j/7j",POINT (50.720457 3.158724)
abri_velo.28,28,A28,Tourcoing - Gare,Avenue Alfred le François,59200,59599,Tourcoing,58,2024-12-01,3.166903,50.716812,Automatisé,Système de gonflage,"24h/24h, 7j/7j",POINT (50.716812 3.166903)
abri_velo.29,29,H5,Villeneuve d'Ascq - 4 Cantons Stade Pierre Mauroy,C4 - 4 CANTONS EFFIA STATIONNEMENT,59650,59009,Villeneuve-d'Ascq,98,,3.139401,50.605006,Humanisé,,Lundi-Samedi : 05:00 - 01:00,POINT (50.605006 3.139401)
abri_velo.30,30,H6,Villeneuve d'Ascq - Les Prés Edgard Pisani,Rue du Moulin Delmar,59650,59009,Villeneuve-d'Ascq,45,,3.125509,50.650048,Humanisé,,Lundi-Samedi : 06:00 - 00:00,POINT (50.650048 3.125509)
abri_velo.31,31,A3,Villeneuve d'Ascq - Pont de Bois,Rue Baudouin IX,59650,59009,Villeneuve-d'Ascq,48,2013-05-01,3.127947,50.624619,Automatisé,Système de gonflage,"24h/24h, 7j/7j",POINT (50.624619 3.127947)
abri_velo.32,32,A8,Wambrechies - Mairie,13 Avenue de Robersart,59118,59636,Wambrechies,28,2013-07-01,3.053429,50.686433,Automatisé,Système de gonflage,"24h/24h, 7j/7j",POINT (50.686433 3.053429)
