FID,objectid,nom,type,commune,adresse,code_insee,latitude,longitude,geom,date_modification
point_vente.21,21,LE NATIONAL café-tabac,Point de vente,LILLE,302 RUE NATIONALE 59800 LILLE,59350,50.62982,3.045195,POINT (50.6298198 3.0451946),2026-05-27T04:00:47.935
point_vente.22,22,LA MITTERIE café-tabac,Point de vente,LOMME,662 AV. DE DUNKERQUE 59160 LOMME,59350,50.647312,3.003461,POINT (50.6473121 3.0034614),2026-05-27T04:00:47.935
point_vente.23,23,AU CHEVAL BLANC café-tabac,Point de vente,VERLINGHEM,46 RUE DE PÉRENCHIES 59237 VERLINGHEM,59611,50.679992,2.996169,POINT (50.6799918 2.9961685),2026-05-27T04:00:47.935
point_vente.24,24,CAFE DE LA MAIRIE café-tabac,Point de vente,LA CHAPELLE-D'ARMENTIÈRES,385 RTE NATIONALE 59930 LA CHAPELLE-D'ARMENTIÈRES,59143,50.670407,2.904171,POINT (50.6704071 2.9041709),2026-05-27T04:00:47.935
point_vente.25,25,LE JEAN BART café-tabac,Point de vente,LOMME,267 AV. DE DUNKERQUE 59160 LOMME,59350,50.637966,3.022998,POINT (50.6379658 3.0229982),2026-05-27T04:00:47.935
point_vente.26,26,E.LECLERC accueil centre commercial,Point de vente,WATTRELOS,E.LECLERC WATTRELOS 59150 WATTRELOS,59650,50.698441,3.209128,POINT (50.69844130000001 3.209127999999999),2026-05-27T04:00:47.935
point_vente.28,28,LE FLINT café-tabac,Point de vente,ROUBAIX,118 BD DE FOURMIES 59100 ROUBAIX,59512,50.6749,3.182585,POINT (50.6749001 3.1825854),2026-05-27T04:00:47.935
point_vente.29,29,CIVETTE DU TILLEUL,Point de vente,WATTRELOS,14 BD LÉON JOUHAUX 59150 WATTRELOS,59650,50.712316,3.17563,POINT (50.7123155 3.1756304),2026-05-27T04:00:47.935
point_vente.30,30,LE BLUE WAY café-tabac,Point de vente,VILLENEUVE-D'ASCQ,58 RUE DU GÉNÉRAL LECLERC 59650 VILLENEUVE-D'ASCQ,59009,50.638179,3.127375,POINT (50.6381786 3.1273748),2026-05-27T04:00:47.935
point_vente.32,32,CAFE DE LA POSTE café-tabac,Point de vente,LILLE,55 RUE CHANZY 59260 LILLE,59350,50.626447,3.106853,POINT (50.6264474 3.1068526),2026-05-27T04:00:47.935
point_vente.34,34,PRESSE DE LA RESIDENCE marchand de journaux,Point de vente,VILLENEUVE-D'ASCQ,4 PL. DE VERDUN 59650 VILLENEUVE-D'ASCQ,59009,50.620689,3.144743,POINT (50.6206889 3.144743099999999),2026-05-27T04:00:47.935
point_vente.35,35,LE LOSANGE bureau de tabac,Point de vente,LILLE,271 RUE DES POSTES 59000 LILLE,59350,50.619152,3.05089,POINT (50.6191515 3.0508903),2026-05-27T04:00:47.935
point_vente.36,36,LE REINITAS café-tabac,Point de vente,HOUPLINES,70 RUE VICTOR HUGO 59116 HOUPLINES,59317,50.688941,2.90159,POINT (50.6889408 2.9015903),2026-05-27T04:00:47.935
point_vente.37,37,LE ROMARIN café-tabac,Point de vente,LA MADELEINE,104 AV. DE LA RÉPUBLIQUE 59110 LA MADELEINE,59368,50.645756,3.075704,POINT (50.6457556 3.0757037),2026-05-27T04:00:47.935
point_vente.38,38,LE CARRE D'AS café-tabac,Point de vente,SAINT-ANDRÉ-LEZ-LILLE,80 RUE DE LAMBERSART 59350 SAINT-ANDRÉ-LEZ-LILLE,59527,50.657648,3.0401,POINT (50.6576484 3.0401003),2026-05-27T04:00:47.935
point_vente.39,39,LA BOUTIQUE DU FUMEUR bureau de tabac,Point de vente,LILLE,4 PL. DE BÉTHUNE 59800 LILLE,59350,50.632878,3.062361,POINT (50.6328776 3.062361),2026-05-27T04:00:47.935
point_vente.40,40,LIBRAIRIE CENTRE E. LECLERC,Point de vente,SECLIN,E.LECLERC SECLIN 59113 SECLIN,59560,50.549831,3.054698,POINT (50.5498307 3.0546981),2026-05-27T04:00:47.935
point_vente.43,43,AU PONT DE NEUVILLE café-tabac,Point de vente,TOURCOING,142 RUE DU PONT DE NEUVILLE 59200 TOURCOING,59599,50.739087,3.168906,POINT (50.7390869 3.1689065),2026-05-27T04:00:47.935
point_vente.44,44,L'AVENIR café-tabac,Point de vente,VILLENEUVE-D'ASCQ,1 PL. DE LA RÉPUBLIQUE 59650 VILLENEUVE-D'ASCQ,59009,50.626377,3.150117,POINT (50.6263766 3.1501175),2026-05-27T04:00:47.935
point_vente.45,45,LE GAGNANT café-tabac,Point de vente,WASQUEHAL,153 RUE EMILE DELLETTE 59290 WASQUEHAL,59646,50.677931,3.13486,POINT (50.6779306 3.1348604),2026-05-27T04:00:47.935
point_vente.46,46,AU STOP café-tabac,Point de vente,LILLE,355 AV. DE DUNKERQUE 59160 LILLE,59350,50.64103,3.018227,POINT (50.6410303 3.0182271),2026-05-27T04:00:47.935
point_vente.47,47,LE BUISSON café-tabac,Point de vente,MARCQ-EN-BARŒUL,800 AV. DE LA RÉPUBLIQUE 59700 MARCQ-EN-BARŒUL,59378,50.656576,3.089049,POINT (50.65657590000001 3.0890494),2026-05-27T04:00:47.935
point_vente.48,48,LA GITANE café-tabac,Point de vente,WATTIGNIES,105 RUE DU GENERAL DE GAULLE 59139 WATTIGNIES,59648,50.581615,3.050618,POINT (50.5816148 3.050618),2026-05-27T04:00:47.935
point_vente.49,49,MAG PRESSE librairie,Point de vente,HALLUIN,6 RUE MARTHE NOLLET 59250 HALLUIN,59279,50.782955,3.125765,POINT (50.7829546 3.125764900000001),2026-05-27T04:00:47.935
point_vente.50,50,LE SAINT VINCENT café-tabac,Point de vente,SEQUEDIN,1 RUE CARNOT 59320 SEQUEDIN,59566,50.623352,2.9872,POINT (50.6233521 2.9872002),2026-05-27T04:00:47.935
point_vente.51,51,LE NARVAL café-tabac,Point de vente,LINSELLES,5 PL. DE LA RÉPUBLIQUE 59126 LINSELLES,59352,50.738074,3.078276,POINT (50.7380736 3.0782758),2026-05-27T04:00:47.935
point_vente.52,52,LE ROYAL café-tabac,Point de vente,VILLENEUVE-D'ASCQ,31 RUE DES MARTYRS 59493 VILLENEUVE-D'ASCQ,59009,50.621665,3.160327,POINT (50.621665 3.1603271),2026-05-27T04:00:47.935
point_vente.55,55,DICTEE-RECRE librairie,Point de vente,RONCQ,342 RUE DE LILLE 59223 RONCQ,59508,50.753861,3.120848,POINT (50.75386100000001 3.1208476),2026-05-27T04:00:47.935
point_vente.57,57,LE SEBASTO café-tabac,Point de vente,LILLE,47 RUE D'INKERMANN 59000 LILLE,59350,50.629544,3.058852,POINT (50.6295438 3.0588525),2026-05-27T04:00:47.935
point_vente.58,58,LA CIVETTE DES PRES DU HEM,Point de vente,ARMENTIÈRES,69 RUE DU N 59280 ARMENTIÈRES,59017,50.691782,2.87734,POINT (50.6917824 2.8773398),2026-05-27T04:00:47.935
point_vente.59,59,COCCIMARKET,Point de vente,FRELINGHIEN,1 RUE D'ARMENTIÈRES 59236 FRELINGHIEN,59252,50.710495,2.932308,POINT (50.7104945 2.9323085),2026-05-27T04:00:47.935
point_vente.60,60,CAFE DU CENTRE café-tabac,Point de vente,SAINGHIN-EN-WEPPES,40 RUE GAMBETTA 59184 SAINGHIN-EN-WEPPES,59524,50.56305,2.899214,POINT (50.56305 2.8992135),2026-05-27T04:00:47.935
point_vente.61,61,TOUTE LA PRESSE librairie,Point de vente,TOURCOING,200 RUE DE GAND 59200 TOURCOING,59599,50.732259,3.160256,POINT (50.7322595 3.1602563),2026-05-27T04:00:47.935
point_vente.62,62,L'INSTANT JEUX librairie,Point de vente,LEERS,AUSHOPPING LEERS 59115 LEERS,59339,50.68069,3.22133,POINT (50.6806901 3.2213303),2026-05-27T04:00:47.935
point_vente.65,65,AU BLANC SEAU café-tabac,Point de vente,TOURCOING,69 RUE DE MOUVAUX 59200 TOURCOING,59599,50.694996,3.14963,POINT (50.6949958 3.1496298),2026-05-27T04:00:47.935
point_vente.66,66,LE RALLY café-tabac,Point de vente,SALOMÉ,6 RUE JEAN JAURÈS 59496 SALOMÉ,59550,50.531937,2.84319,POINT (50.5319371 2.8431898),2026-05-27T04:00:47.935
point_vente.67,67,LE CLINQUET café-tabac,Point de vente,TOURCOING,468 RUE DU CLINQUET 59200 TOURCOING,59599,50.727019,3.128178,POINT (50.72701929999999 3.128178),2026-05-27T04:00:47.935
point_vente.69,69,L'EXPRESSO café-tabac,Point de vente,FACHES-THUMESNIL,109 AV. CHARLES SAINT-VENANT 59155 FACHES-THUMESNIL,59220,50.606654,3.070894,POINT (50.6066539 3.0708941),2026-05-27T04:00:47.935
point_vente.70,70,LE LABOUREUR café-PMU,Point de vente,WATTRELOS,285 RUE CARNOT 59150 WATTRELOS,59650,50.69608,3.201713,POINT (50.69607999999999 3.2017126),2026-05-27T04:00:47.935
point_vente.71,71,LA VIGNETTE brasserie,Point de vente,LINSELLES,2 RUE DES WATTINES 59126 LINSELLES,59352,50.747009,3.086729,POINT (50.7470089 3.0867288),2026-05-27T04:00:47.935
point_vente.75,75,AUCHAN accueil principal,Point de vente,FACHES-THUMESNIL,AUSHOPPING FACHES 59155 FACHES-THUMESNIL,59220,50.58122,3.081189,POINT (50.5812198 3.081189299999999),2026-05-27T04:00:47.935
point_vente.76,76,SHOP DU CHÂTEAU alimentation-supérette,Point de vente,VILLENEUVE-D'ASCQ,183 ALL. CHARDIN 59650 VILLENEUVE-D'ASCQ,59009,50.637865,3.139417,POINT (50.6378652 3.1394166),2026-05-27T04:00:47.935
point_vente.77,77,L'OREE DU GOLF civette,Point de vente,WASQUEHAL,7 RUE LÉON JOUHAUX 59290 WASQUEHAL,59646,50.663193,3.129997,POINT (50.6631927 3.1299975),2026-05-27T04:00:47.935
point_vente.78,78,LE VALMY café-tabac,Point de vente,LILLE,7 PL. PHILIPPE LEBON 59000 LILLE,59350,50.628323,3.061734,POINT (50.6283229 3.0617341),2026-05-27T04:00:47.935
point_vente.79,79,LE KIOSQUE librairie-presse,Point de vente,VILLENEUVE-D'ASCQ,2 PLACE JEAN MOULIN 59650 VILLENEUVE-D'ASCQ,59009,50.64084,3.154524,POINT (50.6408396 3.1545245),2026-05-27T04:00:47.935
point_vente.80,80,CHEZ SYLVIE librairie-presse,Point de vente,GENECH,8 RUE DU RIEZ 59242 GENECH,59258,50.530739,3.222845,POINT (50.5307391 3.2228454),2026-05-27T04:00:47.935
point_vente.81,81,LA CIVETTE DU SART café-loto,Point de vente,MONS-EN-BARŒUL,59 AV. DE VERDUN 59370 MONS-EN-BARŒUL,59410,50.638117,3.102651,POINT (50.63811739999999 3.102651400000001),2026-05-27T04:00:47.935
point_vente.82,82,AU BON ACCUEIL café-tabac,Point de vente,BOUSBECQUE,23 PL. DU GÉNÉRAL DE GAULLE 59166 BOUSBECQUE,59098,50.771815,3.078099,POINT (50.7718152 3.078099),2026-05-27T04:00:47.935
point_vente.83,83,LYS PRESSE librairie-presse,Point de vente,LYS-LEZ-LANNOY,157 RUE JULES GUESDE 59390 LYS-LEZ-LANNOY,59367,50.673612,3.203486,POINT (50.6736119 3.2034865),2026-05-27T04:00:47.935
point_vente.84,84,LE FLANDRE café-tabac,Point de vente,LILLE,105 RUE D'ISLY 59000 LILLE,59350,50.621276,3.035478,POINT (50.6212761 3.0354781),2026-05-27T04:00:47.935
point_vente.86,86,LE TOUT QUAI café-tabac,Point de vente,LILLE,106 RUE DE LA BARRE 59800 LILLE,59350,50.638543,3.054138,POINT (50.638543 3.054138),2026-05-27T04:00:47.935
point_vente.87,87,LAST ONE café-loto-PMU,Point de vente,TOURCOING,212 RUE ACHILLE TESTELIN 59200 TOURCOING,59599,50.735585,3.188076,POINT (50.735585 3.1880759),2026-05-27T04:00:47.935
point_vente.88,88,LA LICORNE café-loto,Point de vente,WATTRELOS,25 RUE PIERRE CATTEAU 59150 WATTRELOS,59650,50.701458,3.21329,POINT (50.7014579 3.21329),2026-05-27T04:00:47.935
point_vente.89,89,LE LIBERTY bar-PMU-loto,Point de vente,LEERS,10 RUE DES PATRIOTES 59115 LEERS,59339,50.67948,3.247429,POINT (50.6794801 3.247429),2026-05-27T04:00:47.935
point_vente.91,91,LE REINITAS civette,Point de vente,LA BASSÉE,54 RUE DU GÉNÉRAL LECLERC 59480 LA BASSÉE,59051,50.531629,2.807458,POINT (50.5316287 2.8074578),2026-05-27T04:00:47.935
point_vente.92,92,LE POMPIDOU café-loto-PMU,Point de vente,LA MADELEINE,112 bis RUE DU PRÉSIDENT GEORGES POMPIDOU 59110 LA MADELEINE,59368,50.655873,3.064522,POINT (50.65587295414601 3.064521526310941),2026-05-27T04:00:47.935
point_vente.93,93,LE GALLIA tabac-loto-PMU,Point de vente,TOUFFLERS,2 PL. DE LA RÉPUBLIQUE 59390 TOUFFLERS,59598,50.661173,3.228731,POINT (50.6611732 3.2287315),2026-05-27T04:00:47.935
point_vente.94,94,LE MARIGNY café-tabac,Point de vente,TOURCOING,1 RUE LOUIS LELOIR 59200 TOURCOING,59599,50.718226,3.166967,POINT (50.7182262 3.1669667),2026-05-27T04:00:47.935
point_vente.95,95,LA BROUETTE librairie-presse,Point de vente,NEUVILLE-EN-FERRAIN,45 BIS RUE DE TOURCOING 59960 NEUVILLE-EN-FERRAIN,59426,50.749895,3.15489,POINT (50.74989474195691 3.154890437217773),2026-05-27T04:00:47.935
point_vente.96,96,LE BAYARD café-loto-PMU,Point de vente,TOURCOING,35 RUE DU FRESNOY 59200 TOURCOING,59599,50.700582,3.15536,POINT (50.70058179999999 3.1553597),2026-05-27T04:00:47.935
point_vente.97,97,LE CARNOT café-tabac,Point de vente,FACHES-THUMESNIL,237 RUE CARNOT 59155 FACHES-THUMESNIL,59220,50.600062,3.06857,POINT (50.6000622 3.0685702),2026-05-27T04:00:47.935
point_vente.99,99,LE NEMROD café-tabac,Point de vente,MARQUETTE-LEZ-LILLE,14 RUE HENRI PETERS 59520 MARQUETTE-LEZ-LILLE,59386,50.676098,3.065461,POINT (50.676098 3.0654607),2026-05-27T04:00:47.935
point_vente.100,100,LE BARZA café-tabac,Point de vente,WAMBRECHIES,1 QUAI DE L'ÉCLUSE 59118 WAMBRECHIES,59636,50.687528,3.053452,POINT (50.68752840000001 3.0534522),2026-05-27T04:00:47.935
point_vente.101,101,LE FLINT café-tabac,Point de vente,LILLE,1 RUE DE DOUAI 59000 LILLE,59350,50.624177,3.068472,POINT (50.6241774 3.0684716),2026-05-27T04:00:47.935
point_vente.103,103,LE CROISE LAROCHE café-tabac-brasserie,Point de vente,MARCQ-EN-BARŒUL,1035 AV. DE LA RÉPUBLIQUE 59700 MARCQ-EN-BARŒUL,59378,50.665098,3.101937,POINT (50.6650977 3.1019372),2026-05-27T04:00:47.935
point_vente.105,105,LE SAVANNAH café-brasserie-loto,Point de vente,QUESNOY-SUR-DEÛLE,20 PL. DU GÉNÉRAL DE GAULLE 59890 QUESNOY-SUR-DEÛLE,59482,50.712118,2.999843,POINT (50.71211830000001 2.9998428),2026-05-27T04:00:47.935
point_vente.106,106,LE LION NOIR café-tabac,Point de vente,FOURNES-EN-WEPPES,863 RUE FAIDHERBE 59134 FOURNES-EN-WEPPES,59250,50.583973,2.884208,POINT (50.5839727 2.8842082),2026-05-27T04:00:47.935
point_vente.107,107,LE LONGCHAMP café-tabac,Point de vente,LA MADELEINE,68 RUE DU GÉNÉRAL DE GAULLE 59110 LA MADELEINE,59368,50.650327,3.071886,POINT (50.6503272 3.0718855),2026-05-27T04:00:47.935
point_vente.108,108,TABAC PRESSE café-tabac,Point de vente,LILLE,331 RUE LÉON GAMBETTA 59000 LILLE,59350,50.627251,3.049699,POINT (50.6272515 3.0496989),2026-05-27T04:00:47.935
point_vente.109,109,LE ST MAURICE café-tabac-brasserie,Point de vente,LILLE,158 RUE DU FAUBOURG DE ROUBAIX 59800 LILLE,59350,50.641932,3.085756,POINT (50.641932 3.085756),2026-05-27T04:00:47.935
point_vente.110,110,CARRE D'AS café-tabac,Point de vente,MARCQ-EN-BARŒUL,43 RUE JULES GUESDE 59700 MARCQ-EN-BARŒUL,59378,50.667558,3.07331,POINT (50.6675585 3.0733104),2026-05-27T04:00:47.935
point_vente.111,111,LA TABATIERE civette,Point de vente,HAUBOURDIN,110 RUE ALBERT VANDERHAEGHEN 59320 HAUBOURDIN,59286,50.612133,2.973609,POINT (50.6121326 2.9736086),2026-05-27T04:00:47.935
point_vente.112,112,LE DJANGO café-tabac,Point de vente,LOOS,35 RUE GEORGES POTIÉ 59120 LOOS,59360,50.613456,3.006391,POINT (50.61345619999999 3.0063915),2026-05-27T04:00:47.935
point_vente.113,113,LA ROTONDE café-tabac,Point de vente,HAUBOURDIN,30 place Charles Frémaux 59320 HAUBOURDIN,59286,50.610538,2.983494,POINT (50.61053788676042 2.9834944534566206),2026-05-27T04:00:47.935
point_vente.115,115,LE RALLYE café-tabac,Point de vente,PÉRENCHIES,18 RUE DE LA PRÉVOTÉ 59840 PÉRENCHIES,59457,50.669192,2.97261,POINT (50.669192 2.9726098),2026-05-27T04:00:47.935
point_vente.116,116,LE GAMBETTA civette,Point de vente,LILLE,164 RUE LÉON GAMBETTA 59800 LILLE,59350,50.629394,3.054231,POINT (50.6293945 3.0542314),2026-05-27T04:00:47.935
point_vente.118,118,LE RALLYE café-tabac,Point de vente,LOOS,185 RUE DU MARÉCHAL FOCH 59120 LOOS,59360,50.614346,3.012743,POINT (50.6143462 3.0127431),2026-05-27T04:00:47.935
point_vente.119,119,LE LIGNY café-tabac,Point de vente,BEAUCAMPS-LIGNY,2 RUE DE LA GARE 59134 BEAUCAMPS-LIGNY,59056,50.605348,2.915843,POINT (50.6053483 2.9158427),2026-05-27T04:00:47.935
point_vente.120,120,LE TOTEM tabac-presse,Point de vente,ANNŒULLIN,3 PL. DU GÉNÉRAL DE GAULLE 59112 ANNŒULLIN,59011,50.529059,2.931435,POINT (50.5290589 2.931435),2026-05-27T04:00:47.935
point_vente.121,121,AU LION DE BAUVIN café-tabac,Point de vente,BAUVIN,16 RUE JULES GUESDE 59221 BAUVIN,59052,50.519054,2.891494,POINT (50.5190542 2.8914936),2026-05-27T04:00:47.935
point_vente.122,122,LE FONTENOY café-tabac,Point de vente,RONCHIN,698 AV. JEAN JAURÈS 59790 RONCHIN,59507,50.607118,3.076968,POINT (50.6071183 3.0769678),2026-05-27T04:00:47.935
point_vente.124,124,AL 'GAYOLE café-tabac,Point de vente,HALLENNES-LEZ-HAUBOURDIN,119 RUE DU GÉNÉRAL DE GAULLE 59320 HALLENNES-LEZ-HAUBOURDIN,59278,50.610314,2.965237,POINT (50.6103143 2.9652372),2026-05-27T04:00:47.935
point_vente.125,125,LE NORDIC café-tabac,Point de vente,FACHES-THUMESNIL,6 RUE HENRI BARBUSSE 59155 FACHES-THUMESNIL,59220,50.58769,3.07682,POINT (50.5876898 3.0768199),2026-05-27T04:00:47.935
point_vente.126,126,LE FLASH café-tabac,Point de vente,LA MADELEINE,227 RUE DU GÉNÉRAL DE GAULLE 59110 LA MADELEINE,59368,50.657471,3.073477,POINT (50.6574714 3.0734772),2026-05-27T04:00:47.935
point_vente.128,128,LE FONTENOY café-tabac,Point de vente,LILLE,96 RUE FAIDHERBE 59800 LILLE,59350,50.629232,3.11289,POINT (50.6292317 3.1128898),2026-05-27T04:00:47.935
point_vente.129,129,LE COHEM café-tabac,Point de vente,LYS-LEZ-LANNOY,17 RUE DE COHEM 59390 LYS-LEZ-LANNOY,59367,50.672049,3.219816,POINT (50.6720486 3.2198157),2026-05-27T04:00:47.935
point_vente.130,130,TABAC DU MONT DE TERRE ,Point de vente,LILLE ,245 RUE DU LONG POT  59000 LILLE,59350,50.623469,3.090415,POINT (50.623469 3.090415),2026-05-27T04:00:47.935
point_vente.132,132,AU COMMERCE café-tabac,Point de vente,LA CHAPELLE-D'ARMENTIÈRES,94 RUE MARLE 59930 LA CHAPELLE-D'ARMENTIÈRES,59143,50.67548,2.872104,POINT (50.6754798 2.8721042),2026-05-27T04:00:47.935
point_vente.133,133,L'AVIATION café-loto-PMU,Point de vente,COMINES,65 RUE DE L'APOTHICAIRE 59560 COMINES,59152,50.756998,3.009402,POINT (50.756998 3.0094023),2026-05-27T04:00:47.935
point_vente.134,134,AU BUREAU  café-tabac,Point de vente,ARMENTIÈRES,164 AV. MARC SANGNIER 59280 ARMENTIÈRES,59017,50.703518,2.883425,POINT (50.70351780000001 2.8834247),2026-05-27T04:00:47.935
point_vente.135,135,LE TURENNE café-tabac,Point de vente,LILLE,1 RUE DE TURENNE 59800 LILLE,59350,50.629292,3.036676,POINT (50.6292917 3.0366759),2026-05-27T04:00:47.935
point_vente.136,136,LE CHIQUITO café-tabac,Point de vente,MARQUETTE-LEZ-LILLE,142 RUE D'YPRES 59520 MARQUETTE-LEZ-LILLE,59386,50.672072,3.051262,POINT (50.6720718 3.0512621),2026-05-27T04:00:47.935
point_vente.138,138,MAG PRESS civette,Point de vente,LANNOY,13 RUE DE TOURNAI 59390 LANNOY,59332,50.667113,3.211935,POINT (50.66711309999999 3.211935199999999),2026-05-27T04:00:47.935
point_vente.139,139,LE TROCADERO civette,Point de vente,MONS-EN-BARŒUL,275 RUE DU GÉNÉRAL DE GAULLE 59370 MONS-EN-BARŒUL,59410,50.646636,3.109687,POINT (50.6466357 3.1096874),2026-05-27T04:00:47.935
point_vente.141,141,CAMELEON GOURMAND épicerie-traiteur-charcuterie,Point de vente,SANTES,15 RUE DU MARÉCHAL FOCH 59211 SANTES,59553,50.591806,2.960856,POINT (50.59180629999999 2.9608557),2026-05-27T04:00:47.935
point_vente.142,142,SUD TABAC café-tabac-PMU,Point de vente,LILLE,7 RUE DU FAUBOURG DES POSTES 59000 LILLE,59350,50.614887,3.048501,POINT (50.614887 3.0485012),2026-05-27T04:00:47.935
point_vente.143,143,LE PACHA café-tabac,Point de vente,LILLE,107 RUE NATIONALE 59800 LILLE,59350,50.634593,3.057251,POINT (50.6345928 3.0572509),2026-05-27T04:00:47.935
point_vente.144,144,LE FLANDRE café-tabac,Point de vente,SECLIN,12 RUE ROGER BOUVRY 59113 SECLIN,59560,50.549715,3.029351,POINT (50.54971519999999 3.0293513),2026-05-27T04:00:47.935
point_vente.145,145,LE MONDRIAN civette,Point de vente,VILLENEUVE-D'ASCQ,46 CHAU. DE L'HÔTEL DE VILLE 59650 VILLENEUVE-D'ASCQ,59009,50.619184,3.132298,POINT (50.6191843 3.1322979),2026-05-27T04:00:47.935
point_vente.146,146,AU BRIN DE ZINC tabac,Point de vente,ARMENTIÈRES,1 RUE DES DÉPORTÉS 59280 ARMENTIÈRES,59017,50.685417,2.890306,POINT (50.6854167 2.8903056),2026-05-27T04:00:47.935
point_vente.147,147,LE PHOEBUS civette,Point de vente,HAUBOURDIN,1 RUE DU MARÉCHAL FOCH 59320 HAUBOURDIN,59286,50.60916,2.983514,POINT (50.60915960000001 2.9835138),2026-05-27T04:00:47.935
point_vente.148,148,LE CHIQUITO café-tabac,Point de vente,WATTRELOS,3 PL. DE LA RÉPUBLIQUE 59150 WATTRELOS,59650,50.698312,3.206286,POINT (50.6983118 3.2062861),2026-05-27T04:00:47.935
point_vente.149,149,RELAY librairie,Point de vente,LESQUIN,LILLE AIRPORT 59810 LESQUIN,59343,50.571921,3.107216,POINT (50.57192103760438 3.1072156613344464),2026-05-27T04:00:47.935
point_vente.150,150,LE METRO café-tabac-PMU,Point de vente,LILLE,231 RUE PIERRE LEGRAND 59800 LILLE,59350,50.631336,3.09544,POINT (50.63133620000001 3.09544),2026-05-27T04:00:47.935
point_vente.152,152,LE CALUMET café-tabac,Point de vente,LOOS,15 RUE DU MARÉCHAL FOCH 59120 LOOS,59360,50.615881,3.021556,POINT (50.6158805 3.0215561),2026-05-27T04:00:47.935
point_vente.153,153,LE SEVEN café-tabac,Point de vente,RONCHIN,10 PL. DE LA RÉPUBLIQUE 59790 RONCHIN,59507,50.599004,3.099279,POINT (50.5990044 3.099279),2026-05-27T04:00:47.935
point_vente.154,154,MAG PRESSE  marchand de journaux,Point de vente,LOMME,66 AV. DE LA RÉPUBLIQUE 59160 LOMME,59350,50.63952,3.013148,POINT (50.63952 3.0131477),2026-05-27T04:00:47.935
point_vente.157,157,LE FLANDRE café-tabac,Point de vente,CROIX,1 RUE JEAN JAURÈS 59170 CROIX,59163,50.675327,3.149351,POINT (50.675327 3.149351),2026-05-27T04:00:47.935
point_vente.159,159,CIVETTE DE LA TOUR,Point de vente,CROIX,3 AV. JUSSIEU 59170 CROIX,59163,50.670632,3.153497,POINT (50.6706319 3.1534973),2026-05-27T04:00:47.935
point_vente.160,160,LE FLANDRE café-tabac,Point de vente,CROIX,1 RUE JEAN JAURÈS 59170 CROIX,59163,50.675327,3.149351,POINT (50.675327 3.149351),2026-05-27T04:00:47.935
point_vente.162,162,LE LONCHAMP café-tabac,Point de vente,FRETIN,131 RUE JEAN BAPTISTE LEBAS 59273 FRETIN,59256,50.559676,3.1492,POINT (50.55967649999999 3.1492003),2026-05-27T04:00:47.935
point_vente.163,163,PONCE-PILATE café-tabac,Point de vente,HAUBOURDIN,162 bis RUE SADI CARNOT 59320 HAUBOURDIN,59286,50.611175,2.993659,POINT (50.611174994988026 2.9936590235692533),2026-05-27T04:00:47.935
point_vente.164,164,AU PETIT LANNOY café-tabac,Point de vente,HEM,404 RUE JULES GUESDE 59510 HEM,59299,50.662812,3.202006,POINT (50.6628118 3.2020064),2026-05-27T04:00:47.935
point_vente.165,165,LE MARIGNY café-tabac,Point de vente,LA MADELEINE,140 RUE DU GÉNÉRAL DE GAULLE 59110 LA MADELEINE,59368,50.653159,3.07322,POINT (50.653159 3.0732201),2026-05-27T04:00:47.935
point_vente.166,166,LE ROYAL café-tabac,Point de vente,LAMBERSART,276 RUE DE LILLE 59130 LAMBERSART,59328,50.649239,3.042401,POINT (50.6492393 3.042401),2026-05-27T04:00:47.935
point_vente.167,167,TABAC DU MONT DE TERRE café-tabac,Point de vente,LILLE,245 RUE DU LONG POT 59000 LILLE,59350,50.623467,3.090444,POINT (50.6234669 3.090444),2026-05-27T04:00:47.935
point_vente.168,168,EURO PRESSE marchand de journaux,Point de vente,LOMME,CENTRE COMMERCIAL LOMME 59160 LOMME,59350,50.651698,2.977672,POINT (50.651698 2.9776722),2026-05-27T04:00:47.935
point_vente.169,169,MONOPRIX accueil du supermarché,Point de vente,MARCQ-EN-BARŒUL,1002 AV. DE LA RÉPUBLIQUE 59700 MARCQ-EN-BARŒUL,59378,50.663933,3.102546,POINT (50.663933 3.102546),2026-05-27T04:00:47.935
point_vente.171,171,LA PRESSE DU PARC librairie-tabac,Point de vente,ROUBAIX,118 BD DU GÉNÉRAL DE GAULLE 59100 ROUBAIX,59512,50.681327,3.167288,POINT (50.68132720000001 3.1672877),2026-05-27T04:00:47.935
point_vente.172,172,LE ST ANDRE café-tabac,Point de vente,SAINT-ANDRÉ-LEZ-LILLE,80 RUE DU GÉNÉRAL LECLERC 59350 SAINT-ANDRÉ-LEZ-LILLE,59527,50.661794,3.050287,POINT (50.6617936 3.0502867),2026-05-27T04:00:47.935
point_vente.173,173,LE FLASH civette,Point de vente,SECLIN,8 RUE GABRIEL PÉRI 59113 SECLIN,59560,50.549223,3.034404,POINT (50.5492229 3.0344037),2026-05-27T04:00:47.935
point_vente.174,174,LE JEAN BART café-tabac,Point de vente,TOURCOING,122 RUE DE ROUBAIX 59200 TOURCOING,59599,50.711748,3.166003,POINT (50.7117477 3.1660034),2026-05-27T04:00:47.935
point_vente.175,175,AUCHAN accueil principal,Point de vente,VILLENEUVE-D'ASCQ,CENTRE COMMERCIAL V2 59650 VILLENEUVE-D'ASCQ,59009,50.617811,3.131534,POINT (50.6178109 3.1315339),2026-05-27T04:00:47.935
point_vente.176,176,TABAC PRESSE café-tabac,Point de vente,VILLENEUVE-D'ASCQ,151 RUE JEAN JAURÈS 59491 VILLENEUVE-D'ASCQ,59009,50.665531,3.140726,POINT (50.6655311 3.1407258),2026-05-27T04:00:47.935
point_vente.177,177,LA BALLON café-tabac,Point de vente,WATTRELOS,204 RUE GEORGES PHILIPPOT 59150 WATTRELOS,59650,50.709513,3.206946,POINT (50.7095125 3.2069465),2026-05-27T04:00:47.935
point_vente.178,178,LE NARVAL civette,Point de vente,WAVRIN,12 PL. DE LA RÉPUBLIQUE 59136 WAVRIN,59653,50.568708,2.931916,POINT (50.5687085 2.9319163),2026-05-27T04:00:47.935
point_vente.180,180,MASSENA,Point de vente,LILLE,12 RUE MASSÉNA 59800 LILLE,59350,50.633362,3.054925,POINT (50.63336229999999 3.0549253),2026-05-27T04:00:47.935
point_vente.183,183, LE PACHA - Café tabac,Point de vente,ARMENTIÈRES,7 RUE DE LILLE 59280 ARMENTIÈRES,59017,50.685201,2.88215,POINT (50.6852014 2.8821503),2026-05-27T04:00:47.935
point_vente.184,184,LE LUTETIA,Point de vente,MONS-EN-BARŒUL,119 RUE VOLTAIRE 59370 MONS-EN-BARŒUL,59410,50.635309,3.114323,POINT (50.6353088 3.1143231),2026-05-27T04:00:47.935
point_vente.185,185,LE SAINT VINCENT ,Point de vente,LESQUIN,55 RUE PASTEUR 59810 LESQUIN,59343,50.5877,3.105211,POINT (50.5877 3.1052108),2026-05-27T04:00:47.935
point_vente.187,187,LE CAMPANELLA,Point de vente,NOYELLES-LEZ-SECLIN,3 RUE D'EMMERIN 59139 NOYELLES-LEZ-SECLIN,,50.576374,3.01765,POINT (50.57637399999999 3.01765),2026-05-27T04:00:47.935
