FID,objectid,identifiant_station,nom,adresse,code_insee,commune,etat,type,nb_places_dispo,nb_velos_dispo,etat_connexion,x,y,geom,date_modification
vlille_temps_reel.1,1,1,Metropole Europeenne de Lille,MEL RUE DU BALLON,59350,Lille,RÉFORMÉ,AVEC TPE,0,0,DÉCONNECTÉ,3.075992,50.641926,POINT (50.641926 3.075992),2026-04-02T12:25:08.957
vlille_temps_reel.105,105,105,Verdun,69 AVENUE DE VERDUN,59410,Mons-en-Barœul,RÉFORMÉ,AVEC TPE,0,0,DÉCONNECTÉ,3.10231,50.638126,POINT (50.638126 3.10231),2026-04-02T12:25:08.958
vlille_temps_reel.106,106,106,Concorde,27 BOULEVARD ALPHONSE GAYET,59410,Mons-en-Barœul,RÉFORMÉ,AVEC TPE,0,0,DÉCONNECTÉ,3.112704,50.638123,POINT (50.638123 3.112704),2026-04-02T12:25:08.958
vlille_temps_reel.109,109,109,Square du Portugal,FACE AU 204 RUE DE LA BASSEE,59350,Lille,RÉFORMÉ,AVEC TPE,0,0,DÉCONNECTÉ,3.030667,50.623466,POINT (50.623466 3.030667),2026-04-02T12:25:08.959
vlille_temps_reel.112,112,112,Square Charles de Gaulle,"4, RUE FERDINAND BUISSON",59350,Lille,RÉFORMÉ,AVEC TPE,0,0,DÉCONNECTÉ,3.115101,50.626846,POINT (50.626846 3.115101),2026-04-02T12:25:08.96
vlille_temps_reel.118,118,118,College Lavoisier,"56, RUE PAUL VAILLANT",59328,Lambersart,RÉFORMÉ,AVEC TPE,0,0,DÉCONNECTÉ,3.022364,50.641834,POINT (50.641834 3.022364),2026-04-02T12:25:08.96
vlille_temps_reel.126,126,126,Le Polyedre,"FACE AU 38, AVENUE RHIN ET DANUBE",59410,Mons-en-Barœul,RÉFORMÉ,AVEC TPE,3,0,DÉCONNECTÉ,3.115571,50.64057,POINT (50.64057 3.115571),2026-04-02T12:25:08.96
vlille_temps_reel.127,127,127,Flers Mairie,16 RUE DU GÉNÉRAL LECLERC,59009,Villeneuve-d'Ascq,RÉFORMÉ,AVEC TPE,0,0,DÉCONNECTÉ,3.127964,50.63708,POINT (50.63708 3.127964),2026-04-02T12:25:08.96
vlille_temps_reel.128,128,128,Rue Louise Michel,93 RUE LOUISE MICHEL,59009,Villeneuve-d'Ascq,RÉFORMÉ,AVEC TPE,1,0,DÉCONNECTÉ,3.127335,50.633842,POINT (50.633842 3.127335),2026-04-02T12:25:08.96
vlille_temps_reel.129,129,129,Flers Chateau,RUE DE LA CHEVALERIE,59009,Villeneuve-d'Ascq,RÉFORMÉ,AVEC TPE,0,0,DÉCONNECTÉ,3.130853,50.63608,POINT (50.63608 3.130853),2026-04-02T12:25:08.96
vlille_temps_reel.134,134,134,Rue des Victoires,"76, BOULEVARD VAN GOGH",59009,Villeneuve-d'Ascq,RÉFORMÉ,AVEC TPE,0,0,DÉCONNECTÉ,3.131706,50.6221,POINT (50.6221 3.131706),2026-04-02T12:25:08.961
vlille_temps_reel.136,136,136,Rue Chambord,RUE CHAMBORD,59009,Villeneuve-d'Ascq,RÉFORMÉ,AVEC TPE,0,0,DÉCONNECTÉ,3.133873,50.62972,POINT (50.62972 3.133873),2026-04-02T12:25:08.961
vlille_temps_reel.140,140,140,Rue Corneille,RUE CORNEILLE,59009,Villeneuve-d'Ascq,RÉFORMÉ,AVEC TPE,14,0,DÉCONNECTÉ,3.144815,50.623795,POINT (50.623795 3.144815),2026-04-02T12:25:08.961
vlille_temps_reel.143,143,143,Rond Point de Tournai,"55, RUE DES FUSILLÉS",59009,Villeneuve-d'Ascq,RÉFORMÉ,AVEC TPE,1,0,DÉCONNECTÉ,3.146026,50.61776,POINT (50.61776 3.146026),2026-04-02T12:25:08.961
vlille_temps_reel.145,145,145,Residence,PLACE N. DAME DE LA NATIVITÉ,59009,Villeneuve-d'Ascq,RÉFORMÉ,AVEC TPE,1,0,DÉCONNECTÉ,3.14528,50.61992,POINT (50.61992 3.14528),2026-04-02T12:25:08.961
vlille_temps_reel.215,215,215,Trois Ponts,"186, AVENUE JULIEN LAGACHE",59512,Roubaix,RÉFORMÉ,AVEC TPE,0,0,DÉCONNECTÉ,3.200799,50.684593,POINT (50.684593 3.200799),2026-04-02T12:25:08.98
vlille_temps_reel.218,218,218,Place Spriet,PLACE CHARLES SPRIET,59512,Roubaix,RÉFORMÉ,AVEC TPE,24,0,DÉCONNECTÉ,3.18514,50.67392,POINT (50.67392 3.18514),2026-04-02T12:25:08.98
vlille_temps_reel.222,222,222,Les Gobelins,"32, RUE DE LA COMMUNAUTÉ URBAINE",59512,Roubaix,RÉFORMÉ,AVEC TPE,12,0,DÉCONNECTÉ,3.172165,50.6941,POINT (50.6941 3.172165),2026-04-02T12:25:08.981
vlille_temps_reel.228,228,228,Pellart,"15, RUE PELLART",59512,Roubaix,RÉFORMÉ,AVEC TPE,7,0,DÉCONNECTÉ,3.180779,50.69535,POINT (50.69535 3.180779),2026-04-02T12:25:08.981
vlille_temps_reel.231,231,231,Motte Bossut,ROND POINT DE L'EUROPE,59512,Roubaix,RÉFORMÉ,AVEC TPE,10,0,DÉCONNECTÉ,3.177179,50.689762,POINT (50.689762 3.177179),2026-04-02T12:25:08.981
vlille_temps_reel.233,233,233,Rue de Tourcoing,RUE DE TOURCOING (SUR LA PARKING GRDF),59512,Roubaix,RÉFORMÉ,AVEC TPE,16,0,DÉCONNECTÉ,3.172654,50.702026,POINT (50.702026 3.172654),2026-04-02T12:25:08.981
vlille_temps_reel.235,235,235,Blanchemaille,AVENUE DES NATIONS UNIES,59512,Roubaix,RÉFORMÉ,AVEC TPE,0,0,DÉCONNECTÉ,3.16713,50.696327,POINT (50.696327 3.16713),2026-04-02T12:25:08.981
vlille_temps_reel.262,262,262,Wattrelos Place,"2-10, D660",59650,Wattrelos,RÉFORMÉ,AVEC TPE,1,0,DÉCONNECTÉ,3.215011,50.701187,POINT (50.701187 3.215011),2026-04-02T12:25:08.983
vlille_temps_reel.263,263,263,Stalingrad,38-4 RUE DE STALINGRAD,59650,Wattrelos,RÉFORMÉ,AVEC TPE,1,0,DÉCONNECTÉ,3.209156,50.69626,POINT (50.69626 3.209156),2026-04-02T12:25:08.983
vlille_temps_reel.264,264,264,Republique,203 RUE CARNOT,59650,Wattrelos,RÉFORMÉ,AVEC TPE,0,0,DÉCONNECTÉ,3.206297,50.697895,POINT (50.697895 3.206297),2026-04-02T12:25:08.983
vlille_temps_reel.275,275,275,Laënnec,31 bis rue des Écoles,59299,Hem,RÉFORMÉ,AVEC TPE,3,0,DÉCONNECTÉ,3.198101,50.665946,POINT (50.665946 3.198101),2026-04-02T12:25:08.983
vlille_temps_reel.59,59,59,Belfort,84 RUE DE TREVISE,59350,Lille,RÉFORMÉ,AVEC TPE,1,0,DÉCONNECTÉ,3.077127,50.622223,POINT (50.622223 3.077127),2026-04-02T12:25:08.986
vlille_temps_reel.87,87,87,Jules Guesde,RUE ST ELOI,59350,Lille,RÉFORMÉ,AVEC TPE,0,0,DÉCONNECTÉ,3.110669,50.632393,POINT (50.632393 3.110669),2026-04-02T12:25:08.987
vlille_temps_reel.89,89,89,Boulevard de Metz,40 BOULEVARD DE METZ,59350,Lille,RÉFORMÉ,AVEC TPE,0,0,DÉCONNECTÉ,3.041299,50.619312,POINT (50.619312 3.041299),2026-04-02T12:25:08.988
vlille_temps_reel.92,92,92,Rue de la Gaite,9 RUE MARCEAU,59350,Lille,RÉFORMÉ,AVEC TPE,0,0,DÉCONNECTÉ,3.091106,50.63665,POINT (50.63665 3.091106),2026-04-02T12:25:08.988
vlille_temps_reel.317,317,317,Gare d'eau,331 Rue des Bois Blancs,,Lille,EN SERVICE,AVEC TPE,7,7,CONNECTÉ,3.02139,50.62911,POINT (50.62911 3.02139),2026-05-27T10:41:16.205
vlille_temps_reel.318,318,318,Hellu - Épine,Rue Paul Kimpe,,Hellemmes,EN SERVICE,AVEC TPE,6,8,CONNECTÉ,3.09978,50.61946,POINT (50.61946 3.09978),2026-05-27T10:41:16.205
vlille_temps_reel.316,316,316,Ramponneau,Allée des Marronniers,,Lille,EN SERVICE,AVEC TPE,16,4,CONNECTÉ,3.05323,50.6399,POINT (50.6399 3.05323),2026-05-27T10:41:16.205
vlille_temps_reel.40,40,40,Metro Gambetta,43 rue du Marché,59350,Lille,EN SERVICE,AVEC TPE,14,14,CONNECTÉ,3.051729,50.62614,POINT (50.62614 3.051729),2026-05-27T10:41:16.152
vlille_temps_reel.73,73,73,St Maurice Pellevoisin,203 rue du Faubourg de Roubaix,59350,Lille,EN SERVICE,AVEC TPE,16,8,CONNECTÉ,3.087979,50.642315,POINT (50.642315 3.087979),2026-05-27T10:41:16.159
vlille_temps_reel.77,77,77,Mont de Terre,5 rue Mattéotti,59350,Lille,EN SERVICE,AVEC TPE,15,3,CONNECTÉ,3.0914,50.62286,POINT (50.62286 3.0914),2026-05-27T10:41:16.16
vlille_temps_reel.78,78,78,Hotel de Police,2 rue du Faubourg des Postes,59350,Lille,EN SERVICE,AVEC TPE,11,7,CONNECTÉ,3.048518,50.615536,POINT (50.615536 3.048518),2026-05-27T10:41:16.16
vlille_temps_reel.86,86,86,Roger Salengro,58 rue Roger Salengro,59350,Lille,EN SERVICE,AVEC TPE,10,2,CONNECTÉ,3.10295,50.62903,POINT (50.62903 3.10295),2026-05-27T10:41:16.163
vlille_temps_reel.114,114,114,Bois Habite,Face au 533 avenue du Président Hoover,59350,Lille,EN SERVICE,AVEC TPE,5,12,CONNECTÉ,3.079211,50.62651,POINT (50.62651 3.079211),2026-05-27T10:41:16.168
vlille_temps_reel.151,151,151,Ch. des Margueritois,39 chemin des Margueritois,59507,Ronchin,EN SERVICE,AVEC TPE,8,5,CONNECTÉ,3.072209,50.60642,POINT (50.60642 3.072209),2026-05-27T10:41:16.174
vlille_temps_reel.261,261,261,Phalempins,Place des Phalempins,59599,Tourcoing,EN SERVICE,AVEC TPE,11,3,CONNECTÉ,3.157764,50.732406,POINT (50.732406 3.157764),2026-05-27T10:41:16.199
vlille_temps_reel.265,265,265,Croix Centre,3 Place de la République,59163,Croix,EN SERVICE,AVEC TPE,9,7,CONNECTÉ,3.14721,50.67441,POINT (50.67441 3.14721),2026-05-27T10:41:16.199
vlille_temps_reel.266,266,266,Mairie de Quartier Ouest,182 Rue de l'Épeule,59512,Roubaix,IN_MAINTENANCE,AVEC TPE,12,0,DÉCONNECTÉ,3.158559,50.6875,POINT (50.6875 3.1585592),2026-05-27T10:41:16.199
vlille_temps_reel.267,267,267,Fer à cheval,Avenue Jean Jaurès (intersection avec avenue Édouard Va,59512,Roubaix,EN SERVICE,AVEC TPE,13,7,CONNECTÉ,3.154898,50.670155,POINT (50.670155 3.154898),2026-05-27T10:41:16.199
vlille_temps_reel.268,268,268,Blanchemaille,55 rue de Blanchemaille,59512,Roubaix,EN SERVICE,AVEC TPE,6,2,CONNECTÉ,3.168664,50.696909,POINT (50.696909 3.168664),2026-05-27T10:41:16.2
vlille_temps_reel.269,269,269,Delory Barbieux,14 Avenue Gustave Delory,59512,Roubaix,IN_MAINTENANCE,AVEC TPE,20,0,DÉCONNECTÉ,3.167315,50.676665,POINT (50.676665 3.167315),2026-05-27T10:41:16.2
vlille_temps_reel.270,270,270,Pavé de Lille,101 Avenue de Flandre,59646,Wasquehal,EN SERVICE,AVEC TPE,13,7,CONNECTÉ,3.130098,50.664211,POINT (50.664211 3.130098),2026-05-27T10:41:16.2
vlille_temps_reel.271,271,271,Wasquehal Hotel de ville,18 rue Michelet,59646,Wasquehal,EN SERVICE,AVEC TPE,14,5,CONNECTÉ,3.13075,50.669917,POINT (50.669917 3.13075),2026-05-27T10:41:16.2
vlille_temps_reel.272,272,272,Charles Fourier,261 avenue Gustave Delory,59512,Roubaix,EN SERVICE,AVEC TPE,2,10,CONNECTÉ,3.183066,50.671609,POINT (50.671609 3.183066),2026-05-27T10:41:16.2
vlille_temps_reel.273,273,273,Piscine des 3 Villes,350 Rue du Docteur Schweitzer,59299,Hem,EN SERVICE,AVEC TPE,7,7,CONNECTÉ,3.198875,50.670865,POINT (50.670865 3.198875),2026-05-27T10:41:16.201
vlille_temps_reel.274,274,274,Calmette,323 avenue Laënnec,59299,Hem,EN SERVICE,AVEC TPE,5,3,CONNECTÉ,3.192974,50.667847,POINT (50.667847 3.192974),2026-05-27T10:41:16.201
vlille_temps_reel.276,276,276,Georges Hannart,141 Rue de la Gare,59163,Croix,EN SERVICE,AVEC TPE,11,9,CONNECTÉ,3.14019,50.67756,POINT (50.67756 3.14019),2026-05-27T10:41:16.201
vlille_temps_reel.300,300,300,Rousseau,13 Avenue Henri Delecaux,59328,Lambersart,EN SERVICE,AVEC TPE,14,6,CONNECTÉ,3.03027,50.64466,POINT (50.64466 3.03027),2026-05-27T10:41:16.202
vlille_temps_reel.3,3,3,Jardin Vauban,19 Boulevard Vauban,59350,Lille,DÉCONNECTÉ,AVEC TPE,12,6,DÉCONNECTÉ,3.050447,50.636093,POINT (50.636093 3.050447),2026-05-27T10:41:16.142
vlille_temps_reel.9,9,9,Rue de Toul,18 rue de Toul,59350,Lille,EN SERVICE,AVEC TPE,19,17,CONNECTÉ,3.044986,50.63393,POINT (50.63393 3.044986),2026-05-27T10:41:16.144
vlille_temps_reel.32,32,32,Place aux Bleuets,15 place aux Bleuets,59350,Lille,EN SERVICE,AVEC TPE,9,7,CONNECTÉ,3.067873,50.64142,POINT (50.64142 3.067873),2026-05-27T10:41:16.15
vlille_temps_reel.50,50,50,Rue d'Arras,87 rue d'Arras,59350,Lille,EN SERVICE,AVEC TPE,24,1,CONNECTÉ,3.067004,50.62224,POINT (50.62224 3.067004),2026-05-27T10:41:16.154
vlille_temps_reel.72,72,72,Canteleu,235 avenue de Dunkerque,59350,Lille,EN SERVICE,AVEC TPE,0,18,CONNECTÉ,3.024314,50.637302,POINT (50.637302 3.024314),2026-05-27T10:41:16.159
vlille_temps_reel.82,82,82,Gare Lille Europe,309 boulevard de Leeds,59350,Lille,EN SERVICE,AVEC TPE,20,12,CONNECTÉ,3.075204,50.63999,POINT (50.63999 3.075204),2026-05-27T10:41:16.162
vlille_temps_reel.161,161,161,Chaude Rivière,80 Rue Chaude Rivière,59350,Lille,EN SERVICE,AVEC TPE,9,6,CONNECTÉ,3.082227,50.634417,POINT (50.634417 3.0822274),2026-05-27T10:41:16.177
vlille_temps_reel.162,162,162,Angellier,1 Rue Auguste Angellier,59350,Lille,EN SERVICE,AVEC TPE,8,18,CONNECTÉ,3.065015,50.628544,POINT (50.628544 3.065015),2026-05-27T10:41:16.178
vlille_temps_reel.167,167,167,Tranquillité,406 Rue Léon Gambetta,59350,Lille,EN SERVICE,AVEC TPE,18,2,CONNECTÉ,3.046295,50.626107,POINT (50.626107 3.046295),2026-05-27T10:41:16.179
vlille_temps_reel.174,174,174,CHU - Eurasanté,11 boulevard Eugène Duthoit,59350,Lille,EN SERVICE,AVEC TPE,6,22,CONNECTÉ,3.038892,50.607664,POINT (50.607664 3.038892),2026-05-27T10:41:16.18
vlille_temps_reel.177,177,177,Rue de Londres,2 Rue du Maréchal Foch,59360,Loos,EN SERVICE,AVEC TPE,5,9,CONNECTÉ,3.023032,50.616763,POINT (50.616763 3.023032),2026-05-27T10:41:16.181
vlille_temps_reel.202,202,202,Parc Barbieux,Avenue de Jussieu,59512,Roubaix,DÉCONNECTÉ,AVEC TPE,17,7,DÉCONNECTÉ,3.162436,50.678038,POINT (50.678038 3.162436),2026-05-27T10:41:16.187
vlille_temps_reel.2,2,2,Universite Catholique,64 Boulevard Vauban,59350,Lille,EN SERVICE,AVEC TPE,1,30,CONNECTÉ,3.046134,50.632233,POINT (50.632233 3.046134),2026-05-27T10:41:16.142
vlille_temps_reel.4,4,4,Maison Folie Wazemmes,11 Rue de l'Hôpital Saint-Roch,59350,Lille,EN SERVICE,AVEC TPE,9,11,CONNECTÉ,3.048961,50.624695,POINT (50.624695 3.048961),2026-05-27T10:41:16.143
vlille_temps_reel.5,5,5,Massena,87 Rue Masséna,59350,Lille,EN SERVICE,AVEC TPE,35,5,CONNECTÉ,3.054738,50.63156,POINT (50.63156 3.054738),2026-05-27T10:41:16.143
vlille_temps_reel.6,6,6,Republique Beaux Arts,8 Place de la République,59350,Lille,EN SERVICE,AVEC TPE,26,6,CONNECTÉ,3.060777,50.630937,POINT (50.630937 3.060777),2026-05-27T10:41:16.143
vlille_temps_reel.7,7,7,Place de Strasbourg,7 Place de Strasbourg,59350,Lille,EN SERVICE,AVEC TPE,9,7,CONNECTÉ,3.055307,50.633728,POINT (50.633728 3.055307),2026-05-27T10:41:16.144
vlille_temps_reel.8,8,8,Place Richebe,3 place Richebé,59350,Lille,EN SERVICE,AVEC TPE,18,22,CONNECTÉ,3.062313,50.632366,POINT (50.632366 3.062313),2026-05-27T10:41:16.144
vlille_temps_reel.10,10,10,Rihour,28 place Rihour,59350,Lille,EN SERVICE,AVEC TPE,6,26,CONNECTÉ,3.062471,50.63589,POINT (50.63589 3.062471),2026-05-27T10:41:16.145
vlille_temps_reel.11,11,11,Nouveau siecle,16 rue de Pas,59350,Lille,EN SERVICE,AVEC TPE,24,8,CONNECTÉ,3.060977,50.63734,POINT (50.63734 3.060977),2026-05-27T10:41:16.145
vlille_temps_reel.12,12,12,Opera,2 rue Anatole France,59350,Lille,EN SERVICE,AVEC TPE,13,12,CONNECTÉ,3.065902,50.637486,POINT (50.637486 3.065902),2026-05-27T10:41:16.145
vlille_temps_reel.13,13,13,Quai du Wault,17 Square Dutilleul,59350,Lille,EN SERVICE,AVEC TPE,15,3,CONNECTÉ,3.054773,50.63671,POINT (50.63671 3.054773),2026-05-27T10:41:16.145
vlille_temps_reel.14,14,14,Champ de Mars,Pont de la Citadelle / Square Daubenton,59350,Lille,EN SERVICE,AVEC TPE,20,20,CONNECTÉ,3.050661,50.63778,POINT (50.63778 3.050661),2026-05-27T10:41:16.146
vlille_temps_reel.15,15,15,Esplanade,Pont du Petit Paradis,59350,Lille,EN SERVICE,AVEC TPE,15,9,CONNECTÉ,3.050645,50.6449,POINT (50.6449 3.050645),2026-05-27T10:41:16.146
vlille_temps_reel.16,16,16,Magasin,4 place Saint-André,59350,Lille,EN SERVICE,AVEC TPE,16,0,CONNECTÉ,3.053499,50.646225,POINT (50.646225 3.053499),2026-05-27T10:41:16.146
vlille_temps_reel.17,17,17,Halle aux sucres,33 avenue du Peuple Belge,59350,Lille,EN SERVICE,AVEC TPE,8,11,CONNECTÉ,3.060867,50.644695,POINT (50.644695 3.060867),2026-05-27T10:41:16.146
vlille_temps_reel.18,18,18,Voltaire,91 Rue Royale,59350,Lille,EN SERVICE,AVEC TPE,6,8,CONNECTÉ,3.055932,50.6428,POINT (50.6428 3.055932),2026-05-27T10:41:16.147
vlille_temps_reel.19,19,19,Rue Royale,40 rue Royale,59350,Lille,EN SERVICE,AVEC TPE,2,22,CONNECTÉ,3.05774,50.64031,POINT (50.64031 3.05774),2026-05-27T10:41:16.147
vlille_temps_reel.20,20,20,N.D. de la Treille,11 place Gilleson,59350,Lille,EN SERVICE,AVEC TPE,11,19,CONNECTÉ,3.062053,50.640385,POINT (50.640385 3.062053),2026-05-27T10:41:16.147
vlille_temps_reel.21,21,21,Place du Concert,2 rue Alphonse Colas,59350,Lille,EN SERVICE,AVEC TPE,12,8,CONNECTÉ,3.061774,50.64193,POINT (50.64193 3.061774),2026-05-27T10:41:16.147
vlille_temps_reel.22,22,22,Louise de Bettignies,2 avenue du Peuple Belge,59350,Lille,EN SERVICE,AVEC TPE,8,22,CONNECTÉ,3.064974,50.64144,POINT (50.64144 3.064974),2026-05-27T10:41:16.148
vlille_temps_reel.23,23,23,Rue des Arts,55 rue des Arts,59350,Lille,EN SERVICE,AVEC TPE,1,17,CONNECTÉ,3.065767,50.639107,POINT (50.639107 3.065767),2026-05-27T10:41:16.148
vlille_temps_reel.24,24,24,Flandres Euralille,Place des Buisses,59350,Lille,EN SERVICE,AVEC TPE,12,28,CONNECTÉ,3.070774,50.637078,POINT (50.637078 3.070774),2026-05-27T10:41:16.148
vlille_temps_reel.25,25,25,Gare Lille Flandres,Place de la Gare,59350,Lille,EN SERVICE,AVEC TPE,24,8,CONNECTÉ,3.069354,50.636399,POINT (50.636399 3.069354),2026-05-27T10:41:16.148
vlille_temps_reel.26,26,26,Molinel,54 rue du Molinel,59350,Lille,EN SERVICE,AVEC TPE,1,21,CONNECTÉ,3.068097,50.63458,POINT (50.63458 3.068097),2026-05-27T10:41:16.149
vlille_temps_reel.27,27,27,Tanneurs,5 rue des Tanneurs,59350,Lille,EN SERVICE,AVEC TPE,10,26,CONNECTÉ,3.064802,50.635014,POINT (50.635014 3.064802),2026-05-27T10:41:16.149
vlille_temps_reel.28,28,28,Palais Rameau,60 rue Solférino,59350,Lille,EN SERVICE,AVEC TPE,12,28,CONNECTÉ,3.048936,50.634297,POINT (50.634297 3.048936),2026-05-27T10:41:16.149
vlille_temps_reel.29,29,29,St Sebastien,52 rue Saint-Sébastien,59350,Lille,IN_MAINTENANCE,AVEC TPE,24,0,DÉCONNECTÉ,3.059376,50.647236,POINT (50.647236 3.059376),2026-05-27T10:41:16.149
vlille_temps_reel.30,30,30,Rue de Gand,8 place de Gand,59350,Lille,EN SERVICE,AVEC TPE,15,4,CONNECTÉ,3.067375,50.64297,POINT (50.64297 3.067375),2026-05-27T10:41:16.15
vlille_temps_reel.31,31,31,Pont Neuf,38 bis rue du Pont Neuf,59350,Lille,EN SERVICE,AVEC TPE,2,18,CONNECTÉ,3.062935,50.644264,POINT (50.644264 3.062935),2026-05-27T10:41:16.15
vlille_temps_reel.33,33,33,Port de Lille,Rue de Lille (métro Port de Lille),59350,Lille,EN SERVICE,AVEC TPE,22,4,CONNECTÉ,3.035681,50.63022,POINT (50.63022 3.035681),2026-05-27T10:41:16.15
vlille_temps_reel.34,34,34,Place Catinat,199 rue Colbert,59350,Lille,EN SERVICE,AVEC TPE,11,9,CONNECTÉ,3.041209,50.63413,POINT (50.63413 3.041209),2026-05-27T10:41:16.15
vlille_temps_reel.35,35,35,Leclerc,328 Rue de Solférino,59350,Lille,EN SERVICE,AVEC TPE,21,7,CONNECTÉ,3.043971,50.629207,POINT (50.629207 3.043971),2026-05-27T10:41:16.151
vlille_temps_reel.36,36,36,Cormontaigne,26 place Cormontaigne,59350,Lille,EN SERVICE,AVEC TPE,28,8,CONNECTÉ,3.039911,50.62624,POINT (50.62624 3.039911),2026-05-27T10:41:16.151
vlille_temps_reel.37,37,37,Fulton,25 rue du Bazinghien,59350,Lille,EN SERVICE,AVEC TPE,11,1,CONNECTÉ,3.037553,50.62337,POINT (50.62337 3.037553),2026-05-27T10:41:16.151
vlille_temps_reel.38,38,38,Place Casquette,1 rue d'Haubourdin,59350,Lille,EN SERVICE,AVEC TPE,18,0,CONNECTÉ,3.045321,50.62429,POINT (50.62429 3.045321),2026-05-27T10:41:16.151
vlille_temps_reel.39,39,39,Marche de Wazemmes,298 rue Léon Gambetta,59350,Lille,EN SERVICE,AVEC TPE,19,8,CONNECTÉ,3.050173,50.627674,POINT (50.627674 3.050173),2026-05-27T10:41:16.152
vlille_temps_reel.41,41,41,Buisson,685 avenue de la République,59350,Lille,EN SERVICE,AVEC TPE,10,5,CONNECTÉ,3.088004,50.656487,POINT (50.656487 3.088004),2026-05-27T10:41:16.152
vlille_temps_reel.42,42,42,Place Philippe Lebon,13 place Phillippe Lebon,59350,Lille,EN SERVICE,AVEC TPE,17,1,CONNECTÉ,3.06209,50.62789,POINT (50.62789 3.06209),2026-05-27T10:41:16.152
vlille_temps_reel.43,43,43,Theatre Sebastopol,Place Sébastopol,59350,Lille,EN SERVICE,AVEC TPE,22,10,CONNECTÉ,3.058288,50.629044,POINT (50.629044 3.058288),2026-05-27T10:41:16.153
vlille_temps_reel.44,44,44,Gambetta Utrecht,203 Rue Léon Gambetta,59350,Lille,EN SERVICE,AVEC TPE,10,8,CONNECTÉ,3.053711,50.629063,POINT (50.629063 3.053711),2026-05-27T10:41:16.153
vlille_temps_reel.45,45,45,Brule Maison,61 Rue des Postes,59350,Lille,EN SERVICE,AVEC TPE,13,5,CONNECTÉ,3.05659,50.62633,POINT (50.62633 3.05659),2026-05-27T10:41:16.153
vlille_temps_reel.46,46,46,Artois,3 Rue d'Artois,59350,Lille,EN SERVICE,AVEC TPE,18,0,CONNECTÉ,3.061337,50.626279,POINT (50.626279 3.061337),2026-05-27T10:41:16.153
vlille_temps_reel.47,47,47,Boulevard Louis XIV,4 Boulevard Louis XIV,59350,Lille,EN SERVICE,AVEC TPE,11,15,CONNECTÉ,3.069797,50.62816,POINT (50.62816 3.069797),2026-05-27T10:41:16.153
vlille_temps_reel.48,48,48,Porte de Douai,Place Fernig,59350,Lille,EN SERVICE,AVEC TPE,9,17,CONNECTÉ,3.07241,50.61843,POINT (50.61843 3.07241),2026-05-27T10:41:16.154
vlille_temps_reel.49,49,49,Place Deliot,Place Déliot,59350,Lille,EN SERVICE,AVEC TPE,11,13,CONNECTÉ,3.068387,50.61957,POINT (50.61957 3.068387),2026-05-27T10:41:16.154
vlille_temps_reel.51,51,51,JB Lebas,76 boulevard Jean-Baptiste Lebas,59350,Lille,EN SERVICE,AVEC TPE,38,2,CONNECTÉ,3.068689,50.62482,POINT (50.62482 3.068689),2026-05-27T10:41:16.154
vlille_temps_reel.52,52,52,Place Colette Besson,37 rue de Wazemmes,59350,Lille,EN SERVICE,AVEC TPE,17,5,CONNECTÉ,3.063799,50.62276,POINT (50.62276 3.063799),2026-05-27T10:41:16.155
vlille_temps_reel.53,53,53,Porte des Postes,1 place Barthélémy Dorez,59350,Lille,EN SERVICE,AVEC TPE,23,15,CONNECTÉ,3.049251,50.61856,POINT (50.61856 3.049251),2026-05-27T10:41:16.155
vlille_temps_reel.54,54,54,Metro Wazemmes,94 rue Racine,59350,Lille,EN SERVICE,AVEC TPE,9,11,CONNECTÉ,3.051565,50.62338,POINT (50.62338 3.051565),2026-05-27T10:41:16.155
vlille_temps_reel.55,55,55,Porte d'Arras,3 place Jacques Febvrier,59350,Lille,EN SERVICE,AVEC TPE,10,14,CONNECTÉ,3.061758,50.617847,POINT (50.617847 3.061758),2026-05-27T10:41:16.155
vlille_temps_reel.56,56,56,Bd Victor Hugo,216 Boulevard Victor Hugo,59350,Lille,EN SERVICE,AVEC TPE,17,1,CONNECTÉ,3.055471,50.620304,POINT (50.620304 3.055471),2026-05-27T10:41:16.156
vlille_temps_reel.57,57,57,Barthelemy Delespaul,52 Rue Barthélemy Delespaul,59350,Lille,EN SERVICE,AVEC TPE,13,5,CONNECTÉ,3.058902,50.62418,POINT (50.62418 3.058902),2026-05-27T10:41:16.156
vlille_temps_reel.58,58,58,Porte de Valenciennes,1 boulevard de Belfort,59350,Lille,EN SERVICE,AVEC TPE,2,18,CONNECTÉ,3.07895,50.62073,POINT (50.62073 3.07895),2026-05-27T10:41:16.156
vlille_temps_reel.60,60,60,Trevise,116 Rue de Douai,59350,Lille,EN SERVICE,AVEC TPE,20,0,CONNECTÉ,3.072363,50.621185,POINT (50.621185 3.072363),2026-05-27T10:41:16.156
vlille_temps_reel.61,61,61,Lille Grand Palais,15 boulevard du Maréchal Vaillant,59350,Lille,EN SERVICE,AVEC TPE,16,8,CONNECTÉ,3.075218,50.629246,POINT (50.629246 3.075218),2026-05-27T10:41:16.156
vlille_temps_reel.62,62,62,Zenith,Boulevard Émile Dubuisson (face au Zénith),59350,Lille,EN SERVICE,AVEC TPE,12,17,CONNECTÉ,3.076437,50.632965,POINT (50.632965 3.076437),2026-05-27T10:41:16.157
vlille_temps_reel.63,63,63,Hotel de Region,151 Avenue du Président Hoover,59350,Lille,EN SERVICE,AVEC TPE,11,21,CONNECTÉ,3.078224,50.629738,POINT (50.629738 3.078224),2026-05-27T10:41:16.157
vlille_temps_reel.64,64,64,Mairie de Lille,17 rue Saint-Sauveur,59350,Lille,EN SERVICE,AVEC TPE,9,11,CONNECTÉ,3.071392,50.6318,POINT (50.6318 3.071392),2026-05-27T10:41:16.157
vlille_temps_reel.65,65,65,Place Tacq,72 Rue de Loos,59350,Lille,EN SERVICE,AVEC TPE,13,5,CONNECTÉ,3.035483,50.621128,POINT (50.621128 3.035483),2026-05-27T10:41:16.157
vlille_temps_reel.66,66,66,Delesalle Mediatheque,35 Rue Édouard Delesalle,59350,Lille,EN SERVICE,AVEC TPE,13,5,CONNECTÉ,3.066273,50.63237,POINT (50.63237 3.066273),2026-05-27T10:41:16.158
vlille_temps_reel.67,67,67,Montebello,126 Boulevard Montebello,59350,Lille,EN SERVICE,AVEC TPE,16,8,CONNECTÉ,3.04534,50.621952,POINT (50.621952 3.04534),2026-05-27T10:41:16.158
vlille_temps_reel.68,68,68,Nationale Rue du Port,254 Rue Nationale,59350,Lille,EN SERVICE,AVEC TPE,11,13,CONNECTÉ,3.047778,50.630836,POINT (50.630836 3.047778),2026-05-27T10:41:16.158
vlille_temps_reel.69,69,69,Chasseurs de Driant,11 Avenue Verhaeren,59350,Lille,EN SERVICE,AVEC TPE,5,17,CONNECTÉ,3.032539,50.61893,POINT (50.61893 3.032539),2026-05-27T10:41:16.158
vlille_temps_reel.70,70,70,Cite Administrative,51 rue de Tournai,59350,Lille,EN SERVICE,AVEC TPE,0,16,CONNECTÉ,3.073991,50.63424,POINT (50.63424 3.073991),2026-05-27T10:41:16.158
vlille_temps_reel.71,71,71,Bois Blancs,124 Avenue de Dunkerque,59350,Lille,EN SERVICE,AVEC TPE,2,20,CONNECTÉ,3.030778,50.634045,POINT (50.634045 3.030778),2026-05-27T10:41:16.159
vlille_temps_reel.74,74,74,Faubourg de Roubaix,110 rue du Faubourg de Roubaix,59350,Lille,EN SERVICE,AVEC TPE,9,11,CONNECTÉ,3.083175,50.641238,POINT (50.641238 3.083175),2026-05-27T10:41:16.159
vlille_temps_reel.75,75,75,Eugene Jacquet,78 rue Eugène Jacquet,59350,Lille,EN SERVICE,AVEC TPE,15,6,CONNECTÉ,3.084894,50.637337,POINT (50.637337 3.084894),2026-05-27T10:41:16.16
vlille_temps_reel.76,76,76,Fives,123 rue Pierre Legrand,59350,Lille,EN SERVICE,AVEC TPE,9,15,CONNECTÉ,3.089651,50.632996,POINT (50.632996 3.089651),2026-05-27T10:41:16.16
vlille_temps_reel.79,79,79,Cimetiere du Sud,Place Martin Luther King,59350,Lille,EN SERVICE,AVEC TPE,14,6,CONNECTÉ,3.047268,50.61295,POINT (50.61295 3.047268),2026-05-27T10:41:16.161
vlille_temps_reel.80,80,80,Petit Maroc,Rue du Professeur Langevin (entrée du BTWIN Village),59350,Lille,EN SERVICE,AVEC TPE,11,18,CONNECTÉ,3.084357,50.61989,POINT (50.61989 3.084357),2026-05-27T10:41:16.161
vlille_temps_reel.81,81,81,Guinguette,208 rue Corneille,59350,Lille,EN SERVICE,AVEC TPE,0,10,CONNECTÉ,3.115088,50.63529,POINT (50.63529 3.115088),2026-05-27T10:41:16.161
vlille_temps_reel.83,83,83,EuraTechnologies,175 avenue de Bretagne,59350,Lille,EN SERVICE,AVEC TPE,2,22,CONNECTÉ,3.02059,50.63378,POINT (50.63378 3.02059),2026-05-27T10:41:16.162
vlille_temps_reel.84,84,84,Mairie d'Hellemmes,165 rue Roger Salengro,59350,Lille,DÉCONNECTÉ,AVEC TPE,4,20,DÉCONNECTÉ,3.109266,50.627243,POINT (50.627243 3.109266),2026-05-27T10:41:16.162
vlille_temps_reel.85,85,85,Chanzy,102 rue Chanzy,59350,Lille,EN SERVICE,AVEC TPE,11,1,CONNECTÉ,3.1008,50.62504,POINT (50.62504 3.1008),2026-05-27T10:41:16.162
vlille_temps_reel.88,88,88,Rue Nationale,89 rue Nationale,59350,Lille,EN SERVICE,AVEC TPE,13,17,CONNECTÉ,3.058015,50.635082,POINT (50.635082 3.058015),2026-05-27T10:41:16.163
vlille_temps_reel.90,90,90,Louviere,94 rue de la Louvière,59350,Lille,EN SERVICE,AVEC TPE,20,0,CONNECTÉ,3.085823,50.64569,POINT (50.64569 3.0858226),2026-05-27T10:41:16.163
vlille_temps_reel.91,91,91,Square des Meres,74 rue de Lannoy,59350,Lille,EN SERVICE,AVEC TPE,11,14,CONNECTÉ,3.095958,50.63417,POINT (50.63417 3.095958),2026-05-27T10:41:16.163
vlille_temps_reel.93,93,93,Stade Ballet,81 rue du Long Pot,59350,Lille,EN SERVICE,AVEC TPE,7,11,CONNECTÉ,3.088147,50.628918,POINT (50.628918 3.088147),2026-05-27T10:41:16.164
vlille_temps_reel.94,94,94,Marx Dormoy,36 avenue Marx Dormoy (sur le parking de la pisicne),59350,Lille,EN SERVICE,AVEC TPE,17,7,CONNECTÉ,3.033977,50.63579,POINT (50.63579 3.033977),2026-05-27T10:41:16.164
vlille_temps_reel.95,95,95,Marbrerie,280 rue Pierre Legrand,59350,Lille,EN SERVICE,AVEC TPE,4,14,CONNECTÉ,3.097037,50.63041,POINT (50.63041 3.097037),2026-05-27T10:41:16.164
vlille_temps_reel.96,96,96,Romarin,92 Avenue de la République,59368,La Madeleine,EN SERVICE,AVEC TPE,8,12,CONNECTÉ,3.075116,50.64543,POINT (50.64543 3.075116),2026-05-27T10:41:16.164
vlille_temps_reel.97,97,97,La Madeleine Gare,250 Rue du Général de Gaulle,59368,La Madeleine,EN SERVICE,AVEC TPE,12,5,CONNECTÉ,3.074057,50.65937,POINT (50.65937 3.074057),2026-05-27T10:41:16.165
vlille_temps_reel.98,98,98,Place du Marche,Place des Fusillés et Déportés,59368,La Madeleine,EN SERVICE,AVEC TPE,10,14,CONNECTÉ,3.068756,50.6549,POINT (50.6549 3.068756),2026-05-27T10:41:16.165
vlille_temps_reel.99,99,99,La Madeleine Mairie,160 rue du Général de Gaulle,59368,La Madeleine,EN SERVICE,AVEC TPE,12,12,CONNECTÉ,3.073805,50.654602,POINT (50.654602 3.073805),2026-05-27T10:41:16.165
vlille_temps_reel.100,100,100,Saint Maur,260 Avenue de la République,59368,La Madeleine,EN SERVICE,AVEC TPE,24,0,CONNECTÉ,3.081625,50.651638,POINT (50.651638 3.081625),2026-05-27T10:41:16.165
vlille_temps_reel.101,101,101,Mons Sarts,61 Avenue Émile Zola,59410,Mons-en-Barœul,EN SERVICE,AVEC TPE,8,16,CONNECTÉ,3.099291,50.6423,POINT (50.6423 3.099291),2026-05-27T10:41:16.166
vlille_temps_reel.102,102,102,Mairie de Mons,27 Avenue Robert Schuman,59410,Mons-en-Barœul,EN SERVICE,AVEC TPE,3,13,CONNECTÉ,3.109699,50.64218,POINT (50.64218 3.109699),2026-05-27T10:41:16.166
vlille_temps_reel.103,103,103,Lacordaire,20 Rue Lacordaire,59410,Mons-en-Barœul,EN SERVICE,AVEC TPE,15,1,CONNECTÉ,3.106677,50.639828,POINT (50.639828 3.106677),2026-05-27T10:41:16.166
vlille_temps_reel.104,104,104,Mendes France,22 boulevard Pierre Mendès France,59410,Mons-en-Barœul,EN SERVICE,AVEC TPE,10,8,CONNECTÉ,3.112744,50.64584,POINT (50.64584 3.112744),2026-05-27T10:41:16.166
vlille_temps_reel.107,107,107,Lavoisier,5 Rue Laurent Lavoisier,59410,Mons-en-Barœul,EN SERVICE,AVEC TPE,11,1,CONNECTÉ,3.106438,50.636105,POINT (50.636105 3.106438),2026-05-27T10:41:16.167
vlille_temps_reel.108,108,108,General de Gaulle,113 rue du Général de Gaulle,59410,Mons-en-Barœul,EN SERVICE,AVEC TPE,18,2,CONNECTÉ,3.100516,50.645267,POINT (50.645267 3.100516),2026-05-27T10:41:16.167
vlille_temps_reel.110,110,110,Rue Bonte-Pollet,11 rue Bonte Pollet,59350,Lille,EN SERVICE,AVEC TPE,16,0,CONNECTÉ,3.034234,50.62487,POINT (50.62487 3.034234),2026-05-27T10:41:16.167
vlille_temps_reel.111,111,111,Hellemmes Cimetiere,320 rue Roger Salengro,59350,Lille,EN SERVICE,AVEC TPE,1,11,CONNECTÉ,3.116677,50.62486,POINT (50.62486 3.116677),2026-05-27T10:41:16.167
vlille_temps_reel.113,113,113,Avenue de Mormal,16 Rue du Buisson,59350,Lille,EN SERVICE,AVEC TPE,17,1,CONNECTÉ,3.08945,50.651337,POINT (50.651337 3.08945),2026-05-27T10:41:16.168
vlille_temps_reel.115,115,115,De Gaulle,85 rue du Général de Gaulle,59368,La Madeleine,EN SERVICE,AVEC TPE,14,4,CONNECTÉ,3.072316,50.651497,POINT (50.651497 3.072316),2026-05-27T10:41:16.168
vlille_temps_reel.116,116,116,Botanique,185 Avenue de la République,59368,La Madeleine,EN SERVICE,AVEC TPE,7,9,CONNECTÉ,3.078336,50.64891,POINT (50.64891 3.078336),2026-05-27T10:41:16.168
vlille_temps_reel.117,117,117,Hippodrome,9 avenue Henri Gruson,59328,Lambersart,EN SERVICE,AVEC TPE,18,3,CONNECTÉ,3.031375,50.641617,POINT (50.641617 3.031375),2026-05-27T10:41:16.169
vlille_temps_reel.119,119,119,Lomme-Lambersart,388 Avenue de Dunkerque,59328,Lambersart,EN SERVICE,AVEC TPE,6,12,CONNECTÉ,3.018803,50.640957,POINT (50.640957 3.018803),2026-05-27T10:41:16.169
vlille_temps_reel.120,120,120,Lomme Mairie,72 avenue de la République,59350,Lille,EN SERVICE,AVEC TPE,6,12,CONNECTÉ,3.01154,50.63899,POINT (50.63899 3.01154),2026-05-27T10:41:16.169
vlille_temps_reel.121,121,121,Pont superieur,518 Avenue de Dunkerque,59350,Lille,EN SERVICE,AVEC TPE,5,11,CONNECTÉ,3.013238,50.644855,POINT (50.644855 3.013238),2026-05-27T10:41:16.169
vlille_temps_reel.122,122,122,Piscine de Marcq,319 Avenue du Maréchal De Lattre De Tassigny,59378,Marcq-en-Barœul,EN SERVICE,AVEC TPE,9,7,CONNECTÉ,3.087591,50.666033,POINT (50.666033 3.087591),2026-05-27T10:41:16.17
vlille_temps_reel.123,123,123,Rue de l'Eglise,71 rue Nationale,59378,Marcq-en-Barœul,EN SERVICE,AVEC TPE,10,7,CONNECTÉ,3.075792,50.665348,POINT (50.665348 3.075792),2026-05-27T10:41:16.17
vlille_temps_reel.124,124,124,Clemenceau Hippodrome,920 Avenue de la République,59378,Marcq-en-Barœul,EN SERVICE,AVEC TPE,4,14,CONNECTÉ,3.096235,50.6618,POINT (50.6618 3.096235),2026-05-27T10:41:16.17
vlille_temps_reel.125,125,125,Fort de Mons,11 Rue de Normandie,59378,Marcq-en-Barœul,EN SERVICE,AVEC TPE,17,3,CONNECTÉ,3.119232,50.64208,POINT (50.64208 3.119232),2026-05-27T10:41:16.17
vlille_temps_reel.130,130,130,Pont de Bois,20 rue Baudouin IX (métro Pont de Bois),59009,Villeneuve-d'Ascq,EN SERVICE,AVEC TPE,23,7,CONNECTÉ,3.1283,50.62435,POINT (50.62435 3.1283),2026-05-27T10:41:16.171
vlille_temps_reel.131,131,131,V.Ascq Hotel de Ville,Place Van Gogh (sur le parking de l'Hôtel de Ville),59009,Villeneuve-d'Ascq,EN SERVICE,AVEC TPE,15,10,CONNECTÉ,3.13197,50.619602,POINT (50.619602 3.13197),2026-05-27T10:41:16.171
vlille_temps_reel.132,132,132,Centre Commercial V2,51 Boulevard de Valmy,59009,Villeneuve-d'Ascq,EN SERVICE,AVEC TPE,12,7,CONNECTÉ,3.132006,50.61606,POINT (50.61606 3.132006),2026-05-27T10:41:16.171
vlille_temps_reel.133,133,133,Boulevard de Valmy,233 boulevard de Valmy,59009,Villeneuve-d'Ascq,EN SERVICE,AVEC TPE,9,9,CONNECTÉ,3.126501,50.61915,POINT (50.61915 3.126501),2026-05-27T10:41:16.171
vlille_temps_reel.135,135,135,Flers Masquelier,95 Rue Jules Guesde,59009,Villeneuve-d'Ascq,EN SERVICE,AVEC TPE,11,13,CONNECTÉ,3.123145,50.63745,POINT (50.63745 3.123145),2026-05-27T10:41:16.172
vlille_temps_reel.137,137,137,Heron Parc,40 rue de la Vague,59009,Villeneuve-d'Ascq,EN SERVICE,AVEC TPE,22,8,CONNECTÉ,3.126089,50.615868,POINT (50.615868 3.126089),2026-05-27T10:41:16.172
vlille_temps_reel.138,138,138,Ladriere,53 Rue de Fives,59009,Villeneuve-d'Ascq,EN SERVICE,AVEC TPE,9,10,CONNECTÉ,3.126914,50.631298,POINT (50.631298 3.126914),2026-05-27T10:41:16.172
vlille_temps_reel.139,139,139,Rue de Lille,145 rue de Lille,59009,Villeneuve-d'Ascq,EN SERVICE,AVEC TPE,0,16,CONNECTÉ,3.144714,50.62577,POINT (50.62577 3.144714),2026-05-27T10:41:16.172
vlille_temps_reel.141,141,141,Metro Triolo,11 rue Traversière,59009,Villeneuve-d'Ascq,EN SERVICE,AVEC TPE,4,20,CONNECTÉ,3.140808,50.61682,POINT (50.61682 3.140808),2026-05-27T10:41:16.172
vlille_temps_reel.142,142,142,Tremiere,8 Rue Tremiere,59009,Villeneuve-d'Ascq,EN SERVICE,AVEC TPE,13,7,CONNECTÉ,3.138207,50.6206,POINT (50.6206 3.138207),2026-05-27T10:41:16.173
vlille_temps_reel.144,144,144,Annappes Republique,2 rue de la Station,59009,Villeneuve-d'Ascq,EN SERVICE,AVEC TPE,8,16,CONNECTÉ,3.14862,50.6258,POINT (50.6258 3.14862),2026-05-27T10:41:16.173
vlille_temps_reel.146,146,146,Solferino Nationale,171 rue Nationale,59350,Lille,EN SERVICE,AVEC TPE,19,0,CONNECTÉ,3.052483,50.63268,POINT (50.63268 3.052483),2026-05-27T10:41:16.173
vlille_temps_reel.147,147,147,Faubourg d'Arras,2 rue Marcel Hénaux,59350,Lille,EN SERVICE,AVEC TPE,8,8,CONNECTÉ,3.062195,50.614052,POINT (50.614052 3.062195),2026-05-27T10:41:16.173
vlille_temps_reel.148,148,148,P.I. de Douai,79 Rue du Faubourg de Douai,59350,Lille,EN SERVICE,AVEC TPE,7,13,CONNECTÉ,3.074952,50.612194,POINT (50.612194 3.074952),2026-05-27T10:41:16.173
vlille_temps_reel.149,149,149,Jean Jaures,778 avenue Jean Jaurès,59507,Ronchin,EN SERVICE,AVEC TPE,17,0,CONNECTÉ,3.075483,50.609592,POINT (50.609592 3.075483),2026-05-27T10:41:16.174
vlille_temps_reel.150,150,150,Ronchin Mairie,105 avenue Jean Jaurès,59507,Ronchin,EN SERVICE,AVEC TPE,15,9,CONNECTÉ,3.077622,50.60548,POINT (50.60548 3.077622),2026-05-27T10:41:16.174
vlille_temps_reel.152,152,152,Chemin rouge,2 Chemin Rouge,59220,Faches-Thumesnil,EN SERVICE,AVEC TPE,12,4,CONNECTÉ,3.065103,50.610582,POINT (50.610582 3.065103),2026-05-27T10:41:16.175
vlille_temps_reel.153,153,153,Pompidou,102 rue du Président Georges Pompidou,59368,La Madeleine,EN SERVICE,AVEC TPE,23,1,CONNECTÉ,3.064989,50.65547,POINT (50.65547 3.064989),2026-05-27T10:41:16.175
vlille_temps_reel.154,154,154,Chaufferie,92 rue Roger Salengro,59368,La Madeleine,EN SERVICE,AVEC TPE,14,2,CONNECTÉ,3.060615,50.65532,POINT (50.65532 3.060615),2026-05-27T10:41:16.175
vlille_temps_reel.155,155,155,Bailly,17 rue Albert Bailly,59527,Saint-André-lez-Lille,EN SERVICE,AVEC TPE,11,4,CONNECTÉ,3.051201,50.655098,POINT (50.655098 3.051201),2026-05-27T10:41:16.175
vlille_temps_reel.156,156,156,St Andre Mairie,91 rue du Général Leclerc,59527,Saint-André-lez-Lille,EN SERVICE,AVEC TPE,9,15,CONNECTÉ,3.050322,50.661602,POINT (50.661602 3.050322),2026-05-27T10:41:16.176
vlille_temps_reel.157,157,157,Canon d'Or,255 Rue de Lille,59328,Lambersart,EN SERVICE,AVEC TPE,6,10,CONNECTÉ,3.042045,50.64989,POINT (50.64989 3.042045),2026-05-27T10:41:16.176
vlille_temps_reel.158,158,158,Delecaux,107 Avenue Henri Delecaux,59328,Lambersart,EN SERVICE,AVEC TPE,15,5,CONNECTÉ,3.036932,50.644943,POINT (50.644943 3.036932),2026-05-27T10:41:16.176
vlille_temps_reel.159,159,159,Euralille,11 avenue Le Corbusier,59350,Lille,EN SERVICE,AVEC TPE,24,16,CONNECTÉ,3.071892,50.637726,POINT (50.637726 3.071892),2026-05-27T10:41:16.176
vlille_temps_reel.160,160,160,Parvis Rotterdam,Parvis Rotterdam,59350,Lille,EN SERVICE,AVEC TPE,6,14,CONNECTÉ,3.077478,50.637709,POINT (50.637709 3.077478),2026-05-27T10:41:16.177
vlille_temps_reel.163,163,163,Jeanne d'Arc,33 rue Jeanne d'Arc,59350,Lille,EN SERVICE,AVEC TPE,20,0,CONNECTÉ,3.064497,50.625597,POINT (50.625597 3.064497),2026-05-27T10:41:16.178
vlille_temps_reel.164,164,164,Hopital Militaire,36 Rue de l'Hôpital Militaire,59350,Lille,EN SERVICE,AVEC TPE,7,9,CONNECTÉ,3.061687,50.63393,POINT (50.63393 3.061687),2026-05-27T10:41:16.178
vlille_temps_reel.165,165,165,Jean Sans Peur,68 Rue Jean Sans Peur,59350,Lille,EN SERVICE,AVEC TPE,13,1,CONNECTÉ,3.05831,50.632423,POINT (50.632423 3.05831),2026-05-27T10:41:16.178
vlille_temps_reel.166,166,166,Campus St Raphael,100 Boulevard Vauban,59350,Lille,EN SERVICE,AVEC TPE,8,8,CONNECTÉ,3.04483,50.63084,POINT (50.63084 3.04483),2026-05-27T10:41:16.179
vlille_temps_reel.168,168,168,Rives de la Haute Deule,248 Rue du Pont à Fourchon,59350,Lille,EN SERVICE,AVEC TPE,3,11,CONNECTÉ,3.023001,50.630596,POINT (50.630596 3.023001),2026-05-27T10:41:16.179
vlille_temps_reel.169,169,169,Jemmapes,59 Rue de Jemmapes,59350,Lille,EN SERVICE,AVEC TPE,17,5,CONNECTÉ,3.057953,50.644685,POINT (50.644685 3.057953),2026-05-27T10:41:16.179
vlille_temps_reel.170,170,170,Gantois,118 Boulevard Victor Hugo,59350,Lille,EN SERVICE,AVEC TPE,10,2,CONNECTÉ,3.06038,50.62195,POINT (50.62195 3.06038),2026-05-27T10:41:16.18
vlille_temps_reel.171,171,171,Auberge de jeunesse,235 Boulevard Paul Painlevé,59350,Lille,EN SERVICE,AVEC TPE,1,15,CONNECTÉ,3.080467,50.62479,POINT (50.62479 3.080467),2026-05-27T10:41:16.18
vlille_temps_reel.172,172,172,Place de la Garonne,110 Rue de l'Ancolie,59350,Lille,EN SERVICE,AVEC TPE,2,10,CONNECTÉ,3.059261,50.612635,POINT (50.612635 3.059261),2026-05-27T10:41:16.18
vlille_temps_reel.173,173,173,CHU - Centre Oscar Lambret,Avenue Oscar Lambret,59350,Lille,EN SERVICE,AVEC TPE,0,20,CONNECTÉ,3.03677,50.61352,POINT (50.61352 3.03677),2026-05-27T10:41:16.18
vlille_temps_reel.175,175,175,Recherche,977 Avenue Eugène Avinée,59360,Loos,EN SERVICE,AVEC TPE,0,16,CONNECTÉ,3.038779,50.60301,POINT (50.60301 3.038779),2026-05-27T10:41:16.181
vlille_temps_reel.176,176,176,Faculté de médecine,310 Avenue Eugène Avinée,59360,Loos,EN SERVICE,AVEC TPE,2,14,CONNECTÉ,3.031421,50.604499,POINT (50.604499 3.031421),2026-05-27T10:41:16.181
vlille_temps_reel.178,178,178,La Fileuse,81 rue du Maréchal Foch,59360,Loos,EN SERVICE,AVEC TPE,13,5,CONNECTÉ,3.018471,50.615164,POINT (50.615164 3.018471),2026-05-27T10:41:16.181
vlille_temps_reel.179,179,179,Bourse du Travail,174 Boulevard de l'Usine,59350,Lille,EN SERVICE,AVEC TPE,19,1,CONNECTÉ,3.090898,50.626052,POINT (50.626052 3.090898),2026-05-27T10:41:16.182
vlille_temps_reel.180,180,180,Square Jean Monnet,Square Jean Monnet,59328,Lambersart,EN SERVICE,AVEC TPE,8,7,CONNECTÉ,3.029324,50.652107,POINT (50.652107 3.029324),2026-05-27T10:41:16.182
vlille_temps_reel.181,181,181,Marie Marrant,7 Rue Marie Marrant,,La Madeleine,EN SERVICE,AVEC TPE,15,9,CONNECTÉ,3.06988,50.64872,POINT (50.64872 3.06988),2026-05-27T10:41:16.182
vlille_temps_reel.182,182,182,Becquart,75 Avenue Becquart,59328,Lambersart,EN SERVICE,AVEC TPE,12,0,CONNECTÉ,3.03812,50.649644,POINT (50.649644 3.03812),2026-05-27T10:41:16.182
vlille_temps_reel.183,183,183,Place de la boucherie,1 Place de la Boucherie,59368,La Madeleine,EN SERVICE,AVEC TPE,18,2,CONNECTÉ,3.063774,50.658048,POINT (50.658048 3.063774),2026-05-27T10:41:16.183
vlille_temps_reel.184,184,184,Rue du Parc,20 rue du Parc,59368,La Madeleine,EN SERVICE,AVEC TPE,11,1,CONNECTÉ,3.0678,50.651107,POINT (50.651107 3.0678),2026-05-27T10:41:16.183
vlille_temps_reel.185,185,185,Sainte Hélène,48 rue Sainte-Hélène,59527,Saint-André-lez-Lille,EN SERVICE,AVEC TPE,9,3,CONNECTÉ,3.056147,50.65722,POINT (50.65722 3.056147),2026-05-27T10:41:16.183
vlille_temps_reel.186,186,186,Marcq Mairie,1 Avenue du Maréchal De Lattre De Tassigny,59378,Marcq-en-Barœul,EN SERVICE,AVEC TPE,5,7,CONNECTÉ,3.092388,50.672455,POINT (50.672455 3.092388),2026-05-27T10:41:16.183
vlille_temps_reel.187,187,187,Cité Marianne,365 Boulevard Victor Hugo,,Lille,EN SERVICE,AVEC TPE,6,6,CONNECTÉ,3.05078,50.61843,POINT (50.61843 3.05078),2026-05-27T10:41:16.184
vlille_temps_reel.188,188,188,Louis Braille,6 rue Gutenberg,59410,Mons-en-Barœul,EN SERVICE,AVEC TPE,9,3,CONNECTÉ,3.097538,50.637103,POINT (50.637103 3.097538),2026-05-27T10:41:16.184
vlille_temps_reel.189,189,189,Haut de Mons,225 rue du général de Gaulle,59378,Marcq-en-Barœul,EN SERVICE,AVEC TPE,13,3,CONNECTÉ,3.106626,50.646432,POINT (50.646432 3.106626),2026-05-27T10:41:16.184
vlille_temps_reel.190,190,190,Quai 22,149 rue Sadi Carnot,59527,Saint-André-lez-Lille,IN_MAINTENANCE,AVEC TPE,1,0,DÉCONNECTÉ,3.057167,50.662941,POINT (50.662941 3.057167),2026-05-27T10:41:16.184
vlille_temps_reel.191,191,191,Ferme d'en haut,100 Avenue Champollion,59009,Villeneuve-d'Ascq,EN SERVICE,AVEC TPE,7,11,CONNECTÉ,3.131773,50.638838,POINT (50.638838 3.1317727),2026-05-27T10:41:16.184
vlille_temps_reel.192,192,192,Le Stadium,Avenue de la Châtellenie,59009,Villeneuve-d'Ascq,EN SERVICE,AVEC TPE,8,6,CONNECTÉ,3.135038,50.631285,POINT (50.6312847 3.1350379),2026-05-27T10:41:16.185
vlille_temps_reel.193,193,193,Bel Air,115 Rue de Lambersart,59527,Saint-André-lez-Lille,EN SERVICE,AVEC TPE,14,6,CONNECTÉ,3.042003,50.658146,POINT (50.658146 3.042003),2026-05-27T10:41:16.185
vlille_temps_reel.194,194,194,Lommelet,185 rue du Général Leclerc,59527,Saint-André-lez-Lille,EN SERVICE,AVEC TPE,12,8,CONNECTÉ,3.049462,50.665968,POINT (50.665968 3.049462),2026-05-27T10:41:16.185
vlille_temps_reel.195,195,195,Tisserand,51 Rue Victor Hugo,59350,Lille,EN SERVICE,AVEC TPE,8,12,CONNECTÉ,3.008346,50.631135,POINT (50.631135 3.008346),2026-05-27T10:41:16.185
vlille_temps_reel.196,196,196,Anatole France,72 bis rue de l'Ancienne Balaterie,59350,Lille,EN SERVICE,AVEC TPE,7,10,CONNECTÉ,3.009396,50.636003,POINT (50.636003 3.009396),2026-05-27T10:41:16.185
vlille_temps_reel.197,197,197,Notebart,236 Avenue Arthur Notebart,59350,Lille,EN SERVICE,AVEC TPE,15,5,CONNECTÉ,3.013423,50.630678,POINT (50.630678 3.013423),2026-05-27T10:41:16.186
vlille_temps_reel.198,198,198,Loos Clemenceau,1 rue Georges Clémenceau,59360,Loos,EN SERVICE,AVEC TPE,9,11,CONNECTÉ,3.010842,50.614392,POINT (50.614392 3.010842),2026-05-27T10:41:16.186
vlille_temps_reel.199,199,199,Georges Potié,55 rue Georges Potié,59360,Loos,EN SERVICE,AVEC TPE,0,20,CONNECTÉ,3.003575,50.612899,POINT (50.612899 3.003575),2026-05-27T10:41:16.186
vlille_temps_reel.200,200,200,Mairie de Croix,232 Rue Jean Jaurès,59163,Croix,EN SERVICE,AVEC TPE,16,8,CONNECTÉ,3.155906,50.679123,POINT (50.679123 3.155906),2026-05-27T10:41:16.187
vlille_temps_reel.201,201,201,Edhec,370 rue Verte,59163,Croix,EN SERVICE,AVEC TPE,24,6,CONNECTÉ,3.163373,50.673699,POINT (50.673699 3.163373),2026-05-27T10:41:16.187
vlille_temps_reel.203,203,203,Victor Provo,Face au 122 boulevard du Général de Gaulle,59512,Roubaix,EN SERVICE,AVEC TPE,11,5,CONNECTÉ,3.167454,50.68079,POINT (50.68079 3.167454),2026-05-27T10:41:16.187
vlille_temps_reel.204,204,204,Jean Moulin,51 boulevard du Général de Gaulle,59512,Roubaix,EN SERVICE,AVEC TPE,10,5,CONNECTÉ,3.171974,50.684757,POINT (50.684757 3.171974),2026-05-27T10:41:16.188
vlille_temps_reel.205,205,205,Condition Publique,17 Boulevard de Beaurepaire,59512,Roubaix,EN SERVICE,AVEC TPE,7,11,CONNECTÉ,3.190299,50.691007,POINT (50.691007 3.190299),2026-05-27T10:41:16.188
vlille_temps_reel.206,206,206,Alfred Mongy,3 boulevard du Général Leclerc,59512,Roubaix,EN SERVICE,AVEC TPE,7,9,CONNECTÉ,3.174815,50.688015,POINT (50.688015 3.174815),2026-05-27T10:41:16.188
vlille_temps_reel.207,207,207,Euroteleport,4 boulevard Gambetta (parvis Eurotéléport),59512,Roubaix,EN SERVICE,AVEC TPE,13,17,CONNECTÉ,3.17974,50.691323,POINT (50.691323 3.17974),2026-05-27T10:41:16.188
vlille_temps_reel.208,208,208,De Fourmies,107 boulevard de Fourmies,59512,Roubaix,EN SERVICE,AVEC TPE,9,3,CONNECTÉ,3.181998,50.67544,POINT (50.67544 3.181998),2026-05-27T10:41:16.188
vlille_temps_reel.209,209,209,Usine,218 avenue Alfred Motte,59512,Roubaix,EN SERVICE,AVEC TPE,9,11,CONNECTÉ,3.195737,50.674995,POINT (50.674995 3.195737),2026-05-27T10:41:16.189
vlille_temps_reel.210,210,210,Linne,198 avenue Linné,59512,Roubaix,EN SERVICE,AVEC TPE,2,4,CONNECTÉ,3.187817,50.676884,POINT (50.676884 3.187817),2026-05-27T10:41:16.189
vlille_temps_reel.211,211,211,Gustave Delory,48 Avenue Gustave Delory,59512,Roubaix,IN_MAINTENANCE,AVEC TPE,18,0,DÉCONNECTÉ,3.174519,50.674164,POINT (50.674164 3.174519),2026-05-27T10:41:16.189
vlille_temps_reel.212,212,212,Danielle Lesaffre,42 rue Dupuy de Lôme,59512,Roubaix,EN SERVICE,AVEC TPE,6,4,CONNECTÉ,3.182205,50.682053,POINT (50.682053 3.182205),2026-05-27T10:41:16.189
vlille_temps_reel.213,213,213,Lannoy,96 rue de Lannoy,59512,Roubaix,EN SERVICE,AVEC TPE,8,10,CONNECTÉ,3.182028,50.68859,POINT (50.68859 3.182028),2026-05-27T10:41:16.19
vlille_temps_reel.214,214,214,Saint Jean-Baptiste,1 rue Lesueur,59512,Roubaix,EN SERVICE,AVEC TPE,8,4,CONNECTÉ,3.179333,50.679472,POINT (50.679472 3.179333),2026-05-27T10:41:16.19
vlille_temps_reel.216,216,216,Fraternite,381 rue de Lannoy (sur la place de la Fraternité),59512,Roubaix,EN SERVICE,AVEC TPE,9,7,CONNECTÉ,3.194129,50.681779,POINT (50.681779 3.194129),2026-05-27T10:41:16.19
vlille_temps_reel.217,217,217,Hopital Victor Provo,12 boulevard Lacordaire,59512,Roubaix,EN SERVICE,AVEC TPE,13,3,CONNECTÉ,3.172558,50.67869,POINT (50.67869 3.172558),2026-05-27T10:41:16.19
vlille_temps_reel.219,219,219,Gare Jean Lebas,12 Place de la Gare,59512,Roubaix,EN SERVICE,AVEC TPE,15,2,CONNECTÉ,3.164242,50.695563,POINT (50.695563 3.164242),2026-05-27T10:41:16.19
vlille_temps_reel.220,220,220,Musee Art et Industrie,101 avenue Jean-Baptiste Lebas,59512,Roubaix,EN SERVICE,AVEC TPE,10,4,CONNECTÉ,3.167666,50.693768,POINT (50.693768 3.167666),2026-05-27T10:41:16.191
vlille_temps_reel.221,221,221,Roubaix Mairie,1 Contour de l'Église St-Martin,59512,Roubaix,EN SERVICE,AVEC TPE,18,12,CONNECTÉ,3.173925,50.69184,POINT (50.69184 3.173925),2026-05-27T10:41:16.191
vlille_temps_reel.223,223,223,Place Trichon,32 Rue du Bois,59512,Roubaix,EN SERVICE,AVEC TPE,7,5,CONNECTÉ,3.169008,50.690335,POINT (50.6903353 3.1690075),2026-05-27T10:41:16.191
vlille_temps_reel.224,224,224,Centre Nautique,Place de l'Abreuvoir,59512,Roubaix,IN_MAINTENANCE,AVEC TPE,10,0,DÉCONNECTÉ,3.162704,50.691406,POINT (50.691406 3.162704),2026-05-27T10:41:16.191
vlille_temps_reel.225,225,225,Epeule Montesquieu,212 Rue de Lille,59512,Roubaix,EN SERVICE,AVEC TPE,7,9,CONNECTÉ,3.16327,50.683987,POINT (50.683987 3.16327),2026-05-27T10:41:16.192
vlille_temps_reel.226,226,226,Charles de Gaulle,72 Rue de Lille,59512,Roubaix,EN SERVICE,AVEC TPE,11,5,CONNECTÉ,3.170006,50.68645,POINT (50.68645 3.170006),2026-05-27T10:41:16.192
vlille_temps_reel.227,227,227,Bvrd Armentieres,73 bis boulevard d'Armentières,59512,Roubaix,EN SERVICE,AVEC TPE,5,3,CONNECTÉ,3.159658,50.699436,POINT (50.699436 3.159658),2026-05-27T10:41:16.192
vlille_temps_reel.229,229,229,Nations Unies,158 Boulevard Gambetta,59512,Roubaix,EN SERVICE,AVEC TPE,12,6,CONNECTÉ,3.185092,50.692368,POINT (50.692368 3.185092),2026-05-27T10:41:16.192
vlille_temps_reel.230,230,230,De la Vigne,181 Boulevard de Strasbourg,59512,Roubaix,EN SERVICE,AVEC TPE,3,8,CONNECTÉ,3.18407,50.70076,POINT (50.70076 3.18407),2026-05-27T10:41:16.193
vlille_temps_reel.232,232,232,Fosse aux Chenes,13 Place de la Fosse aux Chênes,59512,Roubaix,EN SERVICE,AVEC TPE,6,8,CONNECTÉ,3.174347,50.699734,POINT (50.699734 3.174347),2026-05-27T10:41:16.193
vlille_temps_reel.234,234,234,Alsace,96 boulevard d'Armentières,59512,Roubaix,EN SERVICE,AVEC TPE,8,8,CONNECTÉ,3.161378,50.7004,POINT (50.7004 3.161378),2026-05-27T10:41:16.193
vlille_temps_reel.236,236,236,Chaptal,234 Grande Rue,59512,Roubaix,EN SERVICE,AVEC TPE,5,7,CONNECTÉ,3.192643,50.694714,POINT (50.694714 3.192643),2026-05-27T10:41:16.193
vlille_temps_reel.237,237,237,Rue des Anges,Parvis Léo Lagrange,59599,Tourcoing,EN SERVICE,AVEC TPE,4,2,CONNECTÉ,3.156464,50.719878,POINT (50.719878 3.156464),2026-05-27T10:41:16.193
vlille_temps_reel.238,238,238,Theatre Tourcoing,1 Rue de l'Alma,59599,Tourcoing,EN SERVICE,AVEC TPE,5,4,CONNECTÉ,3.152787,50.720747,POINT (50.720747 3.152787),2026-05-27T10:41:16.194
vlille_temps_reel.239,239,239,Bvrd de l Egalite,122 boulevard de l'Égalité,59599,Tourcoing,EN SERVICE,AVEC TPE,11,3,CONNECTÉ,3.167723,50.730289,POINT (50.730289 3.167723),2026-05-27T10:41:16.194
vlille_temps_reel.240,240,240,Poste,20 Rue Léon Salembien,59599,Tourcoing,EN SERVICE,AVEC TPE,4,2,CONNECTÉ,3.163396,50.71922,POINT (50.71922 3.163396),2026-05-27T10:41:16.194
vlille_temps_reel.241,241,241,Le Corbusier,81 Rue des Piats,59599,Tourcoing,EN SERVICE,AVEC TPE,15,3,CONNECTÉ,3.170847,50.722343,POINT (50.722343 3.170847),2026-05-27T10:41:16.194
vlille_temps_reel.242,242,242,Tourcoing gare,11 Place Pierre Semard,59599,Tourcoing,EN SERVICE,AVEC TPE,15,3,CONNECTÉ,3.167436,50.716907,POINT (50.716907 3.167436),2026-05-27T10:41:16.195
vlille_temps_reel.243,243,243,Victoire,1 Place de la Victoire,59599,Tourcoing,EN SERVICE,AVEC TPE,6,6,CONNECTÉ,3.15749,50.718204,POINT (50.718204 3.15749),2026-05-27T10:41:16.195
vlille_temps_reel.244,244,244,F Roosevelt,14 Boulevard de l' Egalité,59599,Tourcoing,EN SERVICE,AVEC TPE,8,4,CONNECTÉ,3.166828,50.727453,POINT (50.727453 3.166828),2026-05-27T10:41:16.195
vlille_temps_reel.245,245,245,Jardin Botanique,126 Rue Verte,59599,Tourcoing,EN SERVICE,AVEC TPE,3,5,CONNECTÉ,3.166122,50.724581,POINT (50.724581 3.166122),2026-05-27T10:41:16.195
vlille_temps_reel.246,246,246,Cavell,49 Rue de la Cloche,59599,Tourcoing,EN SERVICE,AVEC TPE,4,2,CONNECTÉ,3.163794,50.72271,POINT (50.72271 3.163794),2026-05-27T10:41:16.195
vlille_temps_reel.247,247,247,Rouget de l Isle,245 Boulevard de l' Egalité,59599,Tourcoing,EN SERVICE,AVEC TPE,9,6,CONNECTÉ,3.168172,50.73418,POINT (50.73418 3.1681724),2026-05-27T10:41:16.196
vlille_temps_reel.248,248,248,Rue Saint Blaise,85 Rue de Gand,59599,Tourcoing,EN SERVICE,AVEC TPE,4,2,CONNECTÉ,3.158835,50.728798,POINT (50.728798 3.158835),2026-05-27T10:41:16.196
vlille_temps_reel.249,249,249,Rue de Menin,41 Rue Jourdan,59599,Tourcoing,EN SERVICE,AVEC TPE,9,3,CONNECTÉ,3.154051,50.728798,POINT (50.728798 3.154051),2026-05-27T10:41:16.196
vlille_temps_reel.250,250,250,Tourcoing Mairie,6 Rue Nationale,59599,Tourcoing,EN SERVICE,AVEC TPE,16,6,CONNECTÉ,3.160344,50.72389,POINT (50.72389 3.160344),2026-05-27T10:41:16.196
vlille_temps_reel.251,251,251,Colbert,5 Rue de Gand,59599,Tourcoing,EN SERVICE,AVEC TPE,15,3,CONNECTÉ,3.156554,50.72551,POINT (50.72551 3.156554),2026-05-27T10:41:16.196
vlille_temps_reel.252,252,252,Rue des Poutrains,105 Rue de Lille,59599,Tourcoing,EN SERVICE,AVEC TPE,14,2,CONNECTÉ,3.150377,50.72263,POINT (50.72263 3.150377),2026-05-27T10:41:16.197
vlille_temps_reel.253,253,253,Avenue Millet,1 Avenue Jean Millet,59599,Tourcoing,EN SERVICE,AVEC TPE,7,5,CONNECTÉ,3.150884,50.72498,POINT (50.72498 3.150884),2026-05-27T10:41:16.197
vlille_temps_reel.254,254,254,Sebastopol,Face au 11 place Sébastopol,59599,Tourcoing,EN SERVICE,AVEC TPE,13,5,CONNECTÉ,3.162455,50.71732,POINT (50.71732 3.162455),2026-05-27T10:41:16.197
vlille_temps_reel.255,255,255,Rue de Roubaix,61 Rue de Roubaix,59599,Tourcoing,EN SERVICE,AVEC TPE,10,2,CONNECTÉ,3.165011,50.7134,POINT (50.7134 3.165011),2026-05-27T10:41:16.197
vlille_temps_reel.256,256,256,Pont de Neuville,251 Rue du Pont de Neuville,59599,Tourcoing,EN SERVICE,AVEC TPE,8,4,CONNECTÉ,3.171231,50.73682,POINT (50.73682 3.1712308),2026-05-27T10:41:16.198
vlille_temps_reel.257,257,257,Charles Wattinne,Quai de Bordeaux / 1 rue Victor Hugo,59599,Tourcoing,EN SERVICE,AVEC TPE,10,6,CONNECTÉ,3.156974,50.714035,POINT (50.714035 3.156974),2026-05-27T10:41:16.198
vlille_temps_reel.258,258,258,Carliers,151 Chaussée Galilée,59599,Tourcoing,EN SERVICE,AVEC TPE,10,2,CONNECTÉ,3.159881,50.710735,POINT (50.710735 3.159881),2026-05-27T10:41:16.198
vlille_temps_reel.259,259,259,Mercure,Face au 330 boulevard Gambetta,59599,Tourcoing,EN SERVICE,AVEC TPE,17,1,CONNECTÉ,3.160515,50.704693,POINT (50.704693 3.160515),2026-05-27T10:41:16.198
vlille_temps_reel.260,260,260,Place Roussel,Place Charles et Albert Roussel,59599,Tourcoing,EN SERVICE,AVEC TPE,19,1,CONNECTÉ,3.158104,50.721308,POINT (50.721308 3.158104),2026-05-27T10:41:16.199
vlille_temps_reel.301,301,301,Saint Calixte,99 Rue du Bourg,59328,Lambersart,EN SERVICE,AVEC TPE,14,6,CONNECTÉ,3.02604,50.65281,POINT (50.65281 3.02604),2026-05-27T10:41:16.202
vlille_temps_reel.302,302,302,Faches Thumesnil Mairie,20 rue Roger Salengro,59220,Faches-Thumesnil,EN SERVICE,AVEC TPE,18,2,CONNECTÉ,3.069127,50.603145,POINT (50.603145 3.069127),2026-05-27T10:41:16.202
vlille_temps_reel.303,303,303,Résistance,38 rue Carnot,59220,Faches-Thumesnil,EN SERVICE,AVEC TPE,12,8,CONNECTÉ,3.06558,50.60709,POINT (50.60709 3.06558),2026-05-27T10:41:16.202
vlille_temps_reel.304,304,304,Le Sart,21 Avenue de Flandre,59009,Villeneuve-d'Ascq,EN SERVICE,AVEC TPE,14,6,CONNECTÉ,3.138682,50.66351,POINT (50.66351 3.138682),2026-05-27T10:41:16.202
vlille_temps_reel.305,305,305,La Maillerie,228 Rue Jean Jaures,59009,Villeneuve-d'Ascq,EN SERVICE,AVEC TPE,12,8,CONNECTÉ,3.143504,50.669719,POINT (50.669719 3.143504),2026-05-27T10:41:16.203
vlille_temps_reel.306,306,306,Chatellenie,Avenue de la Châtellenie,59009,Villeneuve-d'Ascq,EN SERVICE,AVEC TPE,1,19,CONNECTÉ,3.135558,50.635929,POINT (50.635929 3.135558),2026-05-27T10:41:16.203
vlille_temps_reel.307,307,307,4 vents,Rue Chanzy (rond-point 4 Vents),59346,Lezennes,EN SERVICE,AVEC TPE,12,8,CONNECTÉ,3.122953,50.612389,POINT (50.612389 3.122953),2026-05-27T10:41:16.203
vlille_temps_reel.308,308,308,Sadi carnot,178 rue Sadi Carnot,59286,Haubourdin,EN SERVICE,AVEC TPE,13,7,CONNECTÉ,2.994654,50.611307,POINT (50.611307 2.994654),2026-05-27T10:41:16.203
vlille_temps_reel.309,309,309,Haubourdin Mairie,23 rue Sadi Carnot,59286,Haubourdin,EN SERVICE,AVEC TPE,12,12,CONNECTÉ,2.983879,50.610949,POINT (50.610949 2.983879),2026-05-27T10:41:16.203
vlille_temps_reel.310,310,310,Marquette Mairie,4 rue de Wambrechies,59386,Marquette-lez-Lille,EN SERVICE,AVEC TPE,11,9,CONNECTÉ,3.065308,50.676607,POINT (50.676607 3.065308),2026-05-27T10:41:16.204
vlille_temps_reel.311,311,311,Grands Moulins de Paris,11 Square du Pont à Bascule,59386,Marquette-lez-Lille,EN SERVICE,AVEC TPE,7,13,CONNECTÉ,3.055025,50.671436,POINT (50.671436 3.055025),2026-05-27T10:41:16.204
vlille_temps_reel.312,312,312,Saint Roch,2 rue de la Station,59386,Marquette-lez-Lille,EN SERVICE,AVEC TPE,13,7,CONNECTÉ,3.069332,50.672503,POINT (50.672503 3.069332),2026-05-27T10:41:16.204
vlille_temps_reel.313,313,313,Pont de l'Abbaye,6 rue du Pont de l'Abbaye,59386,Marquette-lez-Lille,EN SERVICE,AVEC TPE,3,17,CONNECTÉ,3.06415,50.666236,POINT (50.666236 3.06415),2026-05-27T10:41:16.204
vlille_temps_reel.314,314,314,Robersart,1 place du Général de Gaulle,,Wambrechies,EN SERVICE,AVEC TPE,4,12,CONNECTÉ,3.05332,50.68656,POINT (50.68656 3.05332),2026-05-27T10:41:16.205
vlille_temps_reel.315,315,315,Petit Paradis,7 Avenue du Maréchal Foch,,Wambrechies,EN SERVICE,AVEC TPE,7,5,CONNECTÉ,3.05179,50.68245,POINT (50.68245 3.05179),2026-05-27T10:41:16.205
vlille_temps_reel.319,319,319,Mitterie,Parvis métro Mitterie,,Lomme,EN SERVICE,AVEC TPE,4,12,CONNECTÉ,3.00768,50.64697,POINT (50.64697 3.00768),2026-05-27T10:41:16.206
vlille_temps_reel.995,995,995,Station Provisoire 1,71 Rue Saint-Sébastien,,Lille,EN SERVICE,AVEC TPE,12,8,CONNECTÉ,3.057778,50.647019,POINT (50.647019 3.057778),2026-05-27T10:41:16.206
vlille_temps_reel.996,996,996,Station Mobile 1,4 Rue du Professeur Langevin,,Lille,HORS SERVICE,AVEC TPE,20,0,DÉCONNECTÉ,3.086178,50.615795,POINT (50.615795 3.086178),2026-05-27T10:41:16.206
vlille_temps_reel.997,997,997,Station Mobile 2,4 Rue du Professeur Langevin,,Lille,HORS SERVICE,AVEC TPE,20,0,DÉCONNECTÉ,3.088049,50.614968,POINT (50.614968 3.088049),2026-05-27T10:41:16.206
vlille_temps_reel.998,998,998,Station Mobile 3,4 Rue du Professeur Langevin,,Lille,HORS SERVICE,AVEC TPE,20,0,DÉCONNECTÉ,3.087023,50.616138,POINT (50.616138 3.087023),2026-05-27T10:41:16.207
