bike_id,lat,lon,is_reserved,is_disabled,vehicle_type_id
46592fe2-1b83-4e4e-9412-f098a01b4160,43.606036,3.882393,False,False,14
4eb20928-04ae-427b-baf0-756576c61833,43.613989,3.8816,False,False,14
81f29b4f-1406-4b15-a190-7bd319ce7f82,43.631318,3.861299,False,False,14
a647472f-5b1b-4412-8139-056ff02fc4dc,43.605366,3.881346,False,False,14
aa9b1367-e452-4d21-8b4f-26bf5d7bb146,43.588239,3.853421,False,False,14
d85b7850-c015-49d7-b50f-2760eabc017e,43.599652,3.881954,False,False,14
548fe1fa-d811-4158-8838-d9c4a19d6a00,43.608491,3.868389,False,False,14
1519b8e8-2433-4da3-b115-60ea376ddd2d,43.606036,3.882393,False,False,14
1d55799f-e2af-4e6a-bd21-71d5a904021b,43.610989,3.873345,False,False,14
7c71784d-2d60-454f-9c25-1e6af92e2ea1,43.609857,3.883884,False,False,14
78a46a66-13e5-4c19-98a1-68d6bc091719,43.558351,3.963412,False,False,14
e0258b25-0e50-44ed-96d4-20dfe0013777,43.603889,3.879362,False,False,14
1a7fbf0d-18fe-4d55-863a-c47539b0a3d6,43.614005,3.873218,False,False,14
a999fb5a-b9c0-4495-8edf-be24be73afc9,43.606301,3.87724,False,True,14
e6c2d0fe-9c0a-4182-b56f-55d2937550f7,43.599088,3.894866,False,False,14
46dc7091-75d7-4f74-95b0-d85d79f9e75e,43.607942,3.890634,False,False,14
c998c48c-f915-4685-a46f-a4c1d5ca6b9c,43.614642,3.877648,False,False,14
a6f0e1dd-a679-415e-9a26-62ead28ef7e0,43.63543,3.871179,False,False,14
e0ce60e1-03d9-4732-b618-1d2772b64f10,43.619701,3.883831,False,False,14
2f93bea2-4526-4604-b6da-fa3d60f65774,43.558351,3.963412,False,False,14
19d70228-306d-41ec-a04b-f8aa34f050d1,43.63543,3.871179,False,False,14
ff3328f5-23b0-435e-bcfc-42224b06f6ca,43.613989,3.8816,False,False,14
3d573bbf-a76c-4715-98bc-ff2b25727d70,43.608491,3.868389,False,False,14
9f09ea4f-d6e3-4e74-a282-38015cd94306,43.613989,3.8816,False,False,14
80b99c47-8c7e-4490-be4f-0f1268566aaf,43.601143,3.884373,False,False,14
41fca280-9039-4bcf-840a-0453bd9301c7,43.558351,3.963412,False,False,14
dd20c8ee-54a9-4f8e-942e-715cc0d59666,43.616698,3.884981,False,False,14
81071f3d-4920-4ab7-9bc0-3354b5ef71ec,43.599652,3.881954,False,False,14
00651418-6a0e-420c-81b8-7f3444268b75,43.621682,3.83477,False,False,14
f76906a9-fb42-4cbc-b5ee-c1e4e6b1e464,43.603553,3.867884,False,False,14
54100c7b-76d3-4be9-9258-b13c2d805020,43.608996,3.872752,False,False,14
acd22d08-9e8e-4be7-be74-566e8cb468e7,43.608491,3.868389,False,False,14
9573b930-213a-485d-8740-0af393732b79,43.60032,3.89851,False,False,14
6b438c5a-abd4-42f5-a903-e4c1a9129d7d,43.631318,3.861299,False,False,14
f12f1b38-86a3-4a11-b8e2-d1e8e02f55fb,43.599652,3.881954,False,False,14
41a25a37-c46b-44b7-b487-dd1c489e3a1b,43.615155,3.839466,False,False,14
b44ebf3d-6d8f-4c5a-8ac1-3395cb65c5fc,43.605366,3.881346,False,False,14
7d713097-45a1-436b-ba86-82fa6f8aff44,43.607106,3.870693,False,False,14
fa5c40f4-06db-4997-8525-aaf4f2a962ef,43.63543,3.871179,False,False,14
c23ceab1-fd7c-4d98-ae22-cc18c57ab797,43.599652,3.881954,False,False,14
37648584-4ad2-4d2b-8c38-23796555f07b,43.618692,3.893844,False,False,14
59ccc555-a5f4-4e62-a80d-7ad707a4493c,43.635689,3.849597,False,False,14
efdc41de-0163-4a79-a0b6-dc9703658e7d,43.599652,3.881954,False,False,14
04da2f9d-012b-4b12-940e-1e61bd074c18,43.614642,3.877648,False,False,14
8b1c4baf-4a22-49b8-85e0-d31035f1d7c0,43.601143,3.884373,False,False,14
19960fd8-a790-4f46-9b53-cbb4b0b91ad9,43.59562,3.9235,False,False,14
9dc55461-afd2-4b5f-a2fb-f29cd86bfe43,43.558351,3.963412,False,False,14
4dab4765-22d7-4b08-9fa8-043d43edbd28,43.558351,3.963412,False,False,14
6871c7fb-44cc-43ff-ac25-ed1b28c4f5a8,43.607106,3.870693,False,False,14
34b97b0d-a5b2-4bda-8573-8cea42969a84,43.605366,3.881346,False,True,14
63285df7-72f6-4446-8928-63d8437c1882,43.612659,3.867734,False,False,14
7a506dad-6801-4ef6-8960-e6b675664e56,43.606301,3.87724,False,False,14
b91cab54-74b5-470e-9f6d-1e81f92103ad,43.558351,3.963412,False,False,14
ab90a243-d977-4976-b922-bd20af4a220b,43.605366,3.881346,False,False,14
ed3509b4-d908-4771-bc5b-b45c9a51c3e8,43.608148,3.878778,False,False,14
d3d8e303-b02b-49fa-804e-30633d55cb91,43.614005,3.873218,False,False,14
1cdb70aa-0e7d-452c-86b0-5f12e36ccaea,43.601143,3.884373,False,False,14
7144c4e8-83df-4fb5-a6fe-2177b300e6bc,43.639119,3.828199,False,False,14
e462d3e3-dfd7-40c9-8d0c-8723fa6b3579,43.621983,3.855603,False,False,14
9189b364-85f5-4a93-a07e-dd9512502a37,43.558351,3.963412,False,False,14
e1ad44a2-2581-4a5a-aee7-10869636d329,43.558351,3.963412,False,False,14
2f8005b6-46cf-4d45-968d-494a6aa8c1ab,43.599652,3.881954,False,False,14
a10d969f-dbd6-4652-b588-81d9f35f55e2,43.599652,3.881954,False,False,14
7e7ad5d0-ba33-44c1-bc40-b9176292eade,43.616742,3.87998,False,False,14
63f3f3fa-99ea-4381-9202-57c53c4d3c9a,43.616812,3.855075,False,True,14
7cc3df21-09c0-4b51-9a78-cf3d64ad36ce,43.608491,3.868389,False,False,14
2ca5696a-d0a5-413e-a23c-712c768ab92a,43.603767,3.888659,False,False,14
1d461d17-73c2-4800-bfef-57b789989c95,43.603038,3.875796,False,False,14
a7c2259d-f927-41b3-9c02-2e0dfccd27ec,43.599652,3.881954,False,False,14
bcc11400-0789-4d55-b755-268182a9cebf,43.608491,3.868389,False,False,14
01cda4d7-d5de-4d99-be65-dd2ce4aebd24,43.618692,3.893844,False,False,14
d2773937-110a-4061-a340-f90c151c8d25,43.607106,3.870693,False,False,14
dd1c2576-0497-406d-929d-bc3852652b80,43.618692,3.893844,False,False,14
e5ebdc23-1334-4a78-abc9-bbee53f31bc1,43.614005,3.873218,False,False,14
bd821e7d-2b92-4368-8f69-0115c34182fe,43.605366,3.881346,False,False,14
40f25e9c-3e72-4d5a-aaaa-ea44269ac231,43.558351,3.963412,False,False,14
6bbea467-2732-44c3-9b90-89c3c10c5229,43.608491,3.868389,False,False,14
bf89ab00-b70e-4633-9af3-eed2dab848d0,43.607942,3.890634,False,False,14
7dd94378-ad13-431b-bdcf-60e57de8b5cb,43.605366,3.881346,False,False,14
4aa45893-950f-4707-b6f0-9c812a2ffb89,43.621983,3.855603,False,False,14
3d35148d-888f-4f36-a434-82f9d0825adb,43.607859,3.886644,False,False,14
51dc7727-d7fb-44ce-a9e8-fade0b025503,43.614642,3.877648,False,False,14
87ec6d72-a3fa-482f-8479-bd17486fbe1f,43.607942,3.890634,False,False,14
29a3142f-edb1-49cd-bc29-3fe8c99a3d2d,43.635689,3.849597,False,False,14
038cfcb8-7e9a-496a-b674-f831b208955b,43.612659,3.867734,False,False,14
a47ff547-5c45-4df1-882e-937f557c52ee,43.558351,3.963412,False,False,14
a4a27d00-851f-473b-b185-c8733df57301,43.613989,3.8816,False,False,14
284b9a48-8413-44eb-9ecf-68cb5ff6d85b,43.622629,3.868375,False,False,14
45457c42-dc6e-4415-8e52-bfde8c6b726a,43.607942,3.890634,False,False,14
1c276d3a-2dbf-4cd3-8a41-6395918dfa5a,43.616768,3.873375,False,False,14
caa36df8-bf37-4a9f-ab8d-9de2fc479f05,43.616812,3.855075,False,False,14
da7a504d-fe70-4b01-bc7f-453f1230d4ad,43.558351,3.963412,False,False,14
1c25f22f-e044-47a5-a4d3-f935f778d967,43.60032,3.89851,False,False,14
b28403d4-8c0c-4079-b071-1c4ac7a0ff90,43.603424,3.899263,False,False,14
a92e5899-9fd9-4e0a-a446-8cafaebe8a45,43.603889,3.879362,False,False,14
7f4e4114-3c8c-46d8-aea7-115afe3e6cc2,43.614642,3.877648,False,False,14
8da5ac4b-29cb-44a1-9be2-78412bf31956,43.558351,3.963412,False,False,14
df3b0601-ed93-473a-98b1-b1fa251f871f,43.606301,3.87724,False,False,14
dae9342c-bd51-41ac-b9e8-9f48eed46871,43.63543,3.871179,False,False,14
3a1a18ec-25a0-4c84-be8c-3ec458bf7fca,43.618692,3.893844,False,False,14
3cf9d991-3b58-457a-a70b-7669a876a149,43.621682,3.83477,False,False,14
685de6fa-deae-499f-afd4-1ad3e5726294,43.558351,3.963412,False,False,14
c71f6544-dac9-4184-ab8a-030a3ef8e1a8,43.616812,3.855075,False,False,14
f021938b-5b87-4988-afc4-f83080ca5b60,43.63543,3.871179,False,False,14
e623ed90-392c-437c-ad69-7845110506de,43.558351,3.963412,False,False,14
dc7499e1-9c6a-4467-8b01-adb4f1eb5b38,43.60032,3.89851,False,False,14
aaef5aa9-114c-4aac-baaa-6d9e8f9e537b,43.607859,3.886644,False,False,14
dcf05c93-8ed9-4ba7-b399-243881b8e52b,43.584211,3.860031,False,False,14
34d4fefd-11a6-452d-8b7b-a9da85d98b56,43.590757,3.890616,False,False,14
46b2acb5-0d71-46f1-948d-6aca98b7af12,43.558351,3.963412,False,False,14
ac4160fa-d33d-4cff-94aa-9091b642f94a,43.609857,3.883884,False,False,14
360a5696-a028-4840-bbdd-473ba6633316,43.626163,3.882492,False,True,14
e9446b85-0e04-45ba-9b32-42a12920b171,43.588239,3.853421,False,False,14
f2cc947d-3d46-42b2-8822-af1328746f0d,43.614005,3.873218,False,False,14
99cbd479-8b81-461e-b3cf-693df6a08e6c,43.599652,3.881954,False,False,14
2a2eedfe-89bc-4f08-854b-272c21553e34,43.608218,3.89314,False,False,14
f942f050-2b21-4a31-95a5-9ee362d285f3,43.635689,3.849597,False,False,14
c0950c77-26df-4e36-ab60-5fcc6cd53012,43.615155,3.839466,False,False,14
a87db14a-e7fb-4d9c-b660-7e7cd57f1fc3,43.599652,3.881954,False,False,14
d94d110b-58d9-40e1-977e-25f6de0adc12,43.558351,3.963412,False,False,14
e907980d-1dfb-4324-a1ea-b22155ab357d,43.60032,3.89851,False,False,14
7f453d0a-4fae-41f2-8a3c-a3851ee23dc2,43.608148,3.878778,False,False,14
2b91f55f-6f48-4169-888e-26f905c18f86,43.599817,3.875757,False,False,14
f44fe815-51ab-4dc8-b446-efa2f8c891fe,43.608148,3.878778,False,False,14
fe3162e6-3bdc-4f2e-a6db-aa5dca5669f1,43.608218,3.89314,False,False,14
3fb8da9c-5fd5-4264-a7f7-5c8519c609f4,43.558351,3.963412,False,False,14
34c2dd20-f321-4781-9279-ed390ddcabd1,43.558351,3.963412,False,False,14
d3f02cb0-cf71-4db1-af2f-4c3350fe80df,43.607859,3.886644,False,False,14
e8c471b9-7c5a-4bcc-b198-ec585f8bfb7c,43.608491,3.868389,False,False,14
dba2e09d-d5b2-4f2f-b9f2-ecf9281ea1f4,43.607859,3.886644,False,False,14
cc15bb07-fb84-4742-b6fe-cda6f6d3787c,43.606036,3.882393,False,False,14
562a5ed8-9bfe-4b00-9491-661c50344c58,43.61467,3.832624,False,False,14
b6d19448-d95e-4429-917e-5a7231597ece,43.607859,3.886644,False,False,14
85c19ff4-ab17-4e98-a5ad-4e851931f1c6,43.608491,3.868389,False,False,14
ccff83c7-46b5-4d90-a451-49d785e514b9,43.631318,3.861299,False,False,14
7a783ccf-72d6-4420-8b6b-b83f736f1a02,43.616698,3.884981,False,False,14
44391daf-7d63-4390-8c9f-b9992781189d,43.614642,3.877648,False,False,14
f6a855e1-825e-4407-852b-14a051d54ac5,43.608996,3.872752,False,False,14
abb0253e-dc71-45d6-9f86-c4314b6615fd,43.615155,3.839466,False,False,14
f830aad1-aca4-44dd-b736-60f5e6887a8e,43.612659,3.867734,False,False,14
a1c25cea-3a61-43b9-b5d7-ac0e23095060,43.605366,3.881346,False,False,14
a396df45-70ba-4b92-b888-a93acec78e9a,43.633679,3.832861,False,False,14
693ddd05-0b2c-455b-8a68-28b796ae7b19,43.599088,3.894866,False,False,14
c0d16684-ae17-4690-b4b6-bb1ffb5378c4,43.626163,3.882492,False,False,14
4e22e688-dd3e-44a6-ab07-9af38d072f0b,43.608218,3.89314,False,False,14
bf2e4910-9c18-4d0f-afb5-a62ff3b13257,43.558351,3.963412,False,False,14
7ecce86f-30b0-4193-aa72-ff870cfd5b40,43.635689,3.849597,False,False,14
3e2c993c-745e-4619-a0a8-fd847e53c780,43.59048,3.884611,False,False,14
9f668b0c-122e-4a7a-b592-a6da530236aa,43.606301,3.87724,False,False,14
eb4df63b-0202-4470-8a73-2c3c936d3a26,43.558351,3.963412,False,False,14
10fc2329-c92e-4c6b-a970-a1adfa40d8d5,43.616768,3.873375,False,False,14
ecc5706e-7523-433f-acdf-8e9048706700,43.612659,3.867734,False,False,14
ffaae077-5b1d-4960-a7f0-29f7986b09af,43.558351,3.963412,False,False,14
9d53ab3b-195f-4b67-85c9-848e085a5b20,43.619871,3.873812,False,False,14
b1107463-f633-4851-aef4-e47f556ae14c,43.618692,3.893844,False,False,14
ef23c4ad-ece8-4ac2-a46c-d00aab33f871,43.599652,3.881954,False,False,14
c3e5c6e2-0368-460c-85df-6ad58809ed80,43.60585,3.911576,False,False,14
d4552f56-404b-489b-99da-c57b4f67d674,43.59048,3.884611,False,False,14
f03c3d2a-c8d9-42e9-b51a-36bc86844547,43.599817,3.875757,False,False,14
f2dcf529-5a09-42e0-bc34-50a21ebfa07f,43.558351,3.963412,False,False,14
4e1a9559-a9ff-484f-80f8-f0281b107960,43.621983,3.855603,False,False,14
b62080a6-35f0-426d-9f2a-8dc78f7b5c4f,43.584211,3.860031,False,False,14
1a1e8da2-e2ec-4639-84e7-7214d44c400f,43.603889,3.879362,False,False,14
1332e74b-86b6-49e6-904e-1a7d42fa427f,43.558351,3.963412,False,False,14
4d833c83-d44b-4800-817c-f5e456994093,43.626163,3.882492,False,False,14
02e1799c-f24c-479e-93cb-4c1e75f401a7,43.558351,3.963412,False,False,14
c437419c-6759-4253-8440-ea6ab9584247,43.630437,3.869539,False,False,14
8f8a52df-432c-4397-92c9-50265cf98967,43.63543,3.871179,False,False,14
241da946-203d-4c4f-b049-2b1155731107,43.616698,3.884981,False,False,14
9b185107-afae-47e2-9fce-53fe710815ce,43.613989,3.8816,False,False,14
7f9d365b-5de7-417c-ba89-d198ec0740a4,43.630437,3.869539,False,False,14
e373c30f-f928-4657-87e3-5d16c0d13f75,43.599817,3.875757,False,False,14
473ced25-0d21-4212-a62c-5243391d9ce3,43.614005,3.873218,False,False,14
fda1d63e-e1bf-406b-a374-3425333731b3,43.608148,3.878778,False,False,14
965e950c-8615-41af-9167-1c4c0c6b4d7f,43.605366,3.881346,False,False,14
deeb4ebb-cc2e-4112-bc99-10c24dc3a4ca,43.616698,3.884981,False,False,14
923792cb-6e0c-4bfc-a69e-0da00ce28287,43.558351,3.963412,False,False,14
a2839d75-f01d-4b02-9443-fdfe8db2d6c5,43.607106,3.870693,False,False,14
c829410f-d7ba-430f-a4f0-4e86bc0bb200,43.605366,3.881346,False,False,14
c53eba8f-98f6-45c4-8505-950c7b0d4e40,43.608996,3.872752,False,False,14
dfa9c924-31a1-4380-8752-50f201e81218,43.608218,3.89314,False,False,14
22e46e95-749d-4d2b-b5c1-a5d823e8525a,43.621983,3.855603,False,False,14
65be6f15-d779-4a5d-8a01-c4dd581f169e,43.607942,3.890634,False,False,14
140ca68b-0bbf-44d4-8c33-a1db9144501c,43.621983,3.855603,False,False,14
7fd939a2-1360-405f-87b5-635d3be5e11d,43.606036,3.882393,False,False,14
6295d732-47c7-40e2-b9b2-e368db742be3,43.60032,3.89851,False,False,14
c4dfe741-6c40-4c34-b750-0011a81c691f,43.558351,3.963412,False,False,14
38ed01cf-bc23-4200-8f6f-5bcbbf521fb2,43.616742,3.87998,False,False,14
f6cf45ec-a0cf-49c9-a492-c147657831e1,43.59562,3.9235,False,False,14
97e15f56-be9a-487f-9733-e5f7644052b3,43.616698,3.884981,False,False,14
6851a841-b84c-4f26-9faa-e5843cce0f1d,43.599652,3.881954,False,False,14
58fd4c55-1950-4823-b7e0-b02032b53ae9,43.558351,3.963412,False,False,14
fa155d1a-fc61-4c9f-b67c-2956fb341e5e,43.612659,3.867734,False,False,14
15e5cb82-9f2b-4fae-be24-2052bde287e0,43.622038,3.86672,False,False,14
d9813e67-87ad-42a7-9f9d-65c225c1fa12,43.619871,3.873812,False,False,14
7406f9a8-a145-42bf-8662-e57a0c03dee5,43.584211,3.860031,False,False,14
cad20da1-74d8-4ec2-9758-948601606438,43.608218,3.89314,False,False,14
0750a62e-9a1e-4d53-81e0-f065935ea2af,43.606036,3.882393,False,False,14
34ab5a2c-a7dc-4d83-a759-f0f5d978002f,43.558351,3.963412,False,False,14
e6a9643f-06b8-4966-921c-66cd61682d7f,43.616812,3.855075,False,False,14
9a9839bf-2f85-45be-a154-e3c2e133bb11,43.608218,3.89314,False,False,14
289d310e-7654-40ba-810b-a6681ba11fab,43.599817,3.875757,False,False,14
143c1d05-139c-4411-a0cf-bc046aa0e9c7,43.613989,3.8816,False,False,14
e3b0a940-71a7-4720-8645-2e743c94ebca,43.590757,3.890616,False,False,14
4e2f01fa-5eb6-4852-9bc9-71f541769dd7,43.631318,3.861299,False,False,14
15a47595-783a-4ae4-9b76-84d438948399,43.558351,3.963412,False,False,14
8d8d08dd-72b0-4930-9792-6550cd921626,43.630437,3.869539,False,False,14
f6ba8461-9fc3-4dc2-967d-a9670617a332,43.558351,3.963412,False,False,14
3c1aebf4-0395-450a-9248-64cba2b28753,43.614005,3.873218,False,False,14
f55002fc-e5b5-4d86-8835-63ea10fca8fa,43.558351,3.963412,False,False,14
0a53ea57-d752-4a5c-9597-94be54ac8b9e,43.558351,3.963412,False,False,14
ed3db4bd-db1d-4111-bb4e-df26e1e2a999,43.616698,3.884981,False,False,14
e12a9716-e247-4e96-996e-d090b81588b6,43.599652,3.881954,False,False,14
c8d1fce7-620b-40c7-9fb0-0b4d7adc0b0d,43.59048,3.884611,False,False,14
53608e51-8b68-4199-8538-4928632f1848,43.619701,3.883831,False,False,14
5cc8776a-5439-42e9-906e-2b37d7a22eb7,43.616812,3.855075,False,False,14
a7c808e2-4955-48a3-88d6-7bc53e9dbeb0,43.614005,3.873218,False,False,14
68f99a67-106a-48de-bafd-c1f9754edf1f,43.607106,3.870693,False,False,14
5e90cfc6-0ef9-4792-a9ed-e159c2f69271,43.613989,3.8816,False,False,14
de40f32e-ff02-484e-a09a-dec52c37a2db,43.603424,3.899263,False,False,14
f9b365e3-e151-427c-94fc-546c3b569fae,43.614642,3.877648,False,False,14
2b34a8b7-4460-4d95-9c3a-f2d85ab1e94c,43.608148,3.878778,False,False,14
5ba9a814-deb9-4dd2-bb17-18256fba0156,43.558351,3.963412,False,False,14
a774757e-b394-4256-9604-4f39b5c65789,43.558351,3.963412,False,False,14
570ec6fb-cdc1-4058-842a-0a6aa9dc50ad,43.603424,3.899263,False,False,14
c8ba12d6-4c9f-475e-9fe6-baf8b8eec2bd,43.613989,3.8816,False,False,14
58c9e419-72ea-4178-926a-f713b1038386,43.590757,3.890616,False,False,14
fbdb0390-3780-44d6-ac85-a835d1fc68a0,43.616768,3.873375,False,False,14
d70109b5-1a74-4cab-b1d0-105b37468a3b,43.616698,3.884981,False,False,14
516f121e-81de-4184-8cc9-203ed815efce,43.603424,3.899263,False,False,14
5e0cb86c-5de7-4d87-98a8-ea2bde3c11c3,43.607859,3.886644,False,False,14
ffd9ec8b-4873-423e-84e9-6d3cac04eb85,43.558351,3.963412,False,False,14
0307640d-5f61-4f74-8eec-b37fe6b6b9e5,43.622038,3.86672,False,False,14
612af798-5ad7-42fc-9026-ab15a284a7fd,43.599652,3.881954,False,False,14
0bfd7ec2-ad21-4a32-aae9-95c1a8aa23f6,43.558351,3.963412,False,False,14
42ca1293-fd3a-49dd-85b4-613aaac2c3fb,43.639119,3.828199,False,False,14
f97cb087-79ed-4138-9822-9cba62fe672f,43.612659,3.867734,False,False,14
c1785db2-62d0-40cf-9d5e-723a35fbbade,43.558351,3.963412,False,False,14
1d4e5e54-c2e6-4c2c-a8da-4d3a0e508709,43.608148,3.878778,False,False,14
7589a2cd-67b9-4e12-8064-7dd00f4f64ef,43.60585,3.911576,False,False,14
61ccb598-1c39-402c-81be-f8ffe83ba9ed,43.619871,3.873812,False,False,14
3acc183f-664c-4c1d-a830-686fe8376f29,43.601143,3.884373,False,False,14
fa6482d3-86d3-48d9-9070-c472c7e8da8e,43.621682,3.83477,False,False,14
232bea7e-e128-4c68-a4a3-604b9bda9d7f,43.616768,3.873375,False,False,14
f6c8ece9-4969-40d1-9d6b-132f74c90df6,43.635689,3.849597,False,False,14
b0bb5444-49f3-4b66-95dc-db3b858d7902,43.607106,3.870693,False,False,14
abea0460-6e16-46ac-b407-16fbfaf0a536,43.615155,3.839466,False,False,14
efd3f82f-a956-4e1a-817f-dadefd7f6701,43.558351,3.963412,False,False,14
4a36c673-a170-4d46-9f98-ea57fd93b203,43.599652,3.881954,False,False,14
1581c088-0b6e-4d18-bea2-7ca25a799b30,43.619871,3.873812,False,False,14
d6adaedc-1ba6-4666-8f36-58092efaf5c0,43.613989,3.8816,False,False,14
74d0b5af-feaa-4417-88b7-d39ddd40edcb,43.608218,3.89314,False,False,14
d34ac82e-c560-4651-9075-3501d19941bb,43.558351,3.963412,False,False,14
776133b6-f075-4b64-aace-ef4343b2a23b,43.619701,3.883831,False,False,14
e191cd1e-ae4f-4f01-82e6-4d2d81657faa,43.608996,3.872752,False,False,14
