service_id,date,exception_type
10-1-127,20260401,2
10-1-127,20260402,2
10-1-127,20260403,2
10-1-127,20260405,2
10-1-127,20260406,2
10-1-127,20260407,2
10-1-127,20260408,2
10-1-127,20260409,2
10-1-127,20260410,2
10-1-127,20260412,2
10-1-127,20260413,2
10-1-127,20260414,2
10-1-127,20260415,2
10-1-127,20260416,2
10-1-127,20260417,2
10-1-127,20260419,2
10-1-127,20260420,2
10-1-127,20260421,2
10-1-127,20260422,2
10-1-127,20260423,2
10-1-127,20260424,2
10-1-127,20260426,2
10-1-127,20260427,2
10-1-127,20260428,2
10-1-127,20260429,2
10-1-127,20260430,2
10-1-127,20260501,2
10-1-127,20260503,2
10-1-127,20260504,2
10-1-127,20260505,2
10-1-127,20260506,2
10-1-127,20260507,2
10-1-127,20260508,2
10-1-127,20260509,2
10-1-127,20260510,2
10-1-127,20260511,2
10-1-127,20260512,2
10-1-127,20260513,2
10-1-127,20260514,2
10-1-127,20260515,2
10-1-127,20260516,2
10-1-127,20260517,2
10-1-127,20260518,2
10-1-127,20260519,2
10-1-127,20260520,2
10-1-127,20260521,2
10-1-127,20260522,2
10-1-127,20260523,2
10-1-127,20260524,2
10-1-127,20260525,2
10-1-127,20260526,2
10-1-127,20260527,2
10-1-127,20260528,2
10-1-127,20260529,2
10-1-127,20260530,2
10-1-127,20260531,2
10-1-127,20260601,2
10-1-127,20260602,2
10-1-127,20260603,2
10-1-127,20260604,2
10-1-127,20260605,2
10-1-127,20260606,2
10-1-127,20260607,2
11-1-127,20260401,2
11-1-127,20260402,2
11-1-127,20260403,2
11-1-127,20260404,2
11-1-127,20260407,2
11-1-127,20260408,2
11-1-127,20260409,2
11-1-127,20260410,2
11-1-127,20260411,2
11-1-127,20260413,2
11-1-127,20260414,2
11-1-127,20260415,2
11-1-127,20260416,2
11-1-127,20260417,2
11-1-127,20260418,2
11-1-127,20260420,2
11-1-127,20260421,2
11-1-127,20260422,2
11-1-127,20260423,2
11-1-127,20260424,2
11-1-127,20260425,2
11-1-127,20260427,2
11-1-127,20260428,2
11-1-127,20260429,2
11-1-127,20260430,2
11-1-127,20260501,2
11-1-127,20260502,2
11-1-127,20260504,2
11-1-127,20260505,2
11-1-127,20260506,2
11-1-127,20260507,2
11-1-127,20260508,2
11-1-127,20260509,2
11-1-127,20260510,2
11-1-127,20260511,2
11-1-127,20260512,2
11-1-127,20260513,2
11-1-127,20260514,2
11-1-127,20260515,2
11-1-127,20260516,2
11-1-127,20260517,2
11-1-127,20260518,2
11-1-127,20260519,2
11-1-127,20260520,2
11-1-127,20260521,2
11-1-127,20260522,2
11-1-127,20260523,2
11-1-127,20260524,2
11-1-127,20260525,2
11-1-127,20260526,2
11-1-127,20260527,2
11-1-127,20260528,2
11-1-127,20260529,2
11-1-127,20260530,2
11-1-127,20260531,2
11-1-127,20260601,2
11-1-127,20260602,2
11-1-127,20260603,2
11-1-127,20260604,2
11-1-127,20260605,2
11-1-127,20260606,2
11-1-127,20260607,2
1-1-127,20260403,2
1-1-127,20260404,2
1-1-127,20260405,2
1-1-127,20260406,2
1-1-127,20260410,2
1-1-127,20260411,2
1-1-127,20260412,2
1-1-127,20260417,2
1-1-127,20260418,2
1-1-127,20260419,2
1-1-127,20260420,2
1-1-127,20260421,2
1-1-127,20260422,2
1-1-127,20260423,2
1-1-127,20260424,2
1-1-127,20260425,2
1-1-127,20260426,2
1-1-127,20260427,2
1-1-127,20260428,2
1-1-127,20260429,2
1-1-127,20260430,2
1-1-127,20260501,2
1-1-127,20260502,2
1-1-127,20260503,2
1-1-127,20260508,2
1-1-127,20260509,2
1-1-127,20260510,2
1-1-127,20260514,2
1-1-127,20260515,2
1-1-127,20260516,2
1-1-127,20260517,2
1-1-127,20260522,2
1-1-127,20260523,2
1-1-127,20260524,2
1-1-127,20260525,2
1-1-127,20260529,2
1-1-127,20260530,2
1-1-127,20260531,2
1-1-127,20260605,2
1-1-127,20260606,2
1-1-127,20260607,2
12-1-127,20260401,2
12-1-127,20260402,2
12-1-127,20260403,2
12-1-127,20260404,2
12-1-127,20260405,2
12-1-127,20260406,2
12-1-127,20260407,2
12-1-127,20260408,2
12-1-127,20260409,2
12-1-127,20260410,2
12-1-127,20260411,2
12-1-127,20260412,2
12-1-127,20260413,2
12-1-127,20260414,2
12-1-127,20260415,2
12-1-127,20260416,2
12-1-127,20260417,2
12-1-127,20260418,2
12-1-127,20260419,2
12-1-127,20260420,2
12-1-127,20260421,2
12-1-127,20260422,2
12-1-127,20260423,2
12-1-127,20260425,2
12-1-127,20260426,2
12-1-127,20260427,2
12-1-127,20260428,2
12-1-127,20260429,2
12-1-127,20260430,2
12-1-127,20260501,2
12-1-127,20260502,2
12-1-127,20260503,2
12-1-127,20260504,2
12-1-127,20260505,2
12-1-127,20260506,2
12-1-127,20260507,2
12-1-127,20260508,2
12-1-127,20260509,2
12-1-127,20260510,2
12-1-127,20260511,2
12-1-127,20260512,2
12-1-127,20260513,2
12-1-127,20260514,2
12-1-127,20260515,2
12-1-127,20260516,2
12-1-127,20260517,2
12-1-127,20260518,2
12-1-127,20260519,2
12-1-127,20260520,2
12-1-127,20260521,2
12-1-127,20260522,2
12-1-127,20260523,2
12-1-127,20260524,2
12-1-127,20260525,2
12-1-127,20260526,2
12-1-127,20260527,2
12-1-127,20260528,2
12-1-127,20260529,2
12-1-127,20260530,2
12-1-127,20260531,2
12-1-127,20260601,2
12-1-127,20260602,2
12-1-127,20260603,2
12-1-127,20260604,2
12-1-127,20260605,2
12-1-127,20260606,2
12-1-127,20260607,2
13-1-127,20260403,2
13-1-127,20260404,2
13-1-127,20260405,2
13-1-127,20260406,2
13-1-127,20260410,2
13-1-127,20260411,2
13-1-127,20260412,2
13-1-127,20260417,2
13-1-127,20260418,2
13-1-127,20260419,2
13-1-127,20260420,2
13-1-127,20260421,2
13-1-127,20260422,2
13-1-127,20260423,2
13-1-127,20260424,2
13-1-127,20260425,2
13-1-127,20260426,2
13-1-127,20260427,2
13-1-127,20260428,2
13-1-127,20260429,2
13-1-127,20260430,2
13-1-127,20260501,2
13-1-127,20260502,2
13-1-127,20260503,2
13-1-127,20260504,2
13-1-127,20260505,2
13-1-127,20260506,2
13-1-127,20260507,2
13-1-127,20260508,2
13-1-127,20260509,2
13-1-127,20260510,2
13-1-127,20260511,2
13-1-127,20260512,2
13-1-127,20260513,2
13-1-127,20260514,2
13-1-127,20260515,2
13-1-127,20260516,2
13-1-127,20260517,2
13-1-127,20260518,2
13-1-127,20260519,2
13-1-127,20260520,2
13-1-127,20260521,2
13-1-127,20260522,2
13-1-127,20260523,2
13-1-127,20260524,2
13-1-127,20260525,2
13-1-127,20260526,2
13-1-127,20260527,2
13-1-127,20260528,2
13-1-127,20260529,2
13-1-127,20260530,2
13-1-127,20260531,2
13-1-127,20260601,2
13-1-127,20260602,2
13-1-127,20260603,2
13-1-127,20260604,2
13-1-127,20260605,2
13-1-127,20260606,2
13-1-127,20260607,2
14-1-127,20260401,2
14-1-127,20260402,2
14-1-127,20260404,2
14-1-127,20260405,2
14-1-127,20260406,2
14-1-127,20260407,2
14-1-127,20260408,2
14-1-127,20260409,2
14-1-127,20260411,2
14-1-127,20260412,2
14-1-127,20260413,2
14-1-127,20260414,2
14-1-127,20260415,2
14-1-127,20260416,2
14-1-127,20260418,2
14-1-127,20260419,2
14-1-127,20260420,2
14-1-127,20260421,2
14-1-127,20260422,2
14-1-127,20260423,2
14-1-127,20260424,2
14-1-127,20260425,2
14-1-127,20260426,2
14-1-127,20260427,2
14-1-127,20260428,2
14-1-127,20260429,2
14-1-127,20260430,2
14-1-127,20260501,2
14-1-127,20260502,2
14-1-127,20260503,2
14-1-127,20260504,2
14-1-127,20260505,2
14-1-127,20260506,2
14-1-127,20260507,2
14-1-127,20260508,2
14-1-127,20260509,2
14-1-127,20260510,2
14-1-127,20260511,2
14-1-127,20260512,2
14-1-127,20260513,2
14-1-127,20260514,2
14-1-127,20260515,2
14-1-127,20260516,2
14-1-127,20260517,2
14-1-127,20260518,2
14-1-127,20260519,2
14-1-127,20260520,2
14-1-127,20260521,2
14-1-127,20260522,2
14-1-127,20260523,2
14-1-127,20260524,2
14-1-127,20260525,2
14-1-127,20260526,2
14-1-127,20260527,2
14-1-127,20260528,2
14-1-127,20260529,2
14-1-127,20260530,2
14-1-127,20260531,2
14-1-127,20260601,2
14-1-127,20260602,2
14-1-127,20260603,2
14-1-127,20260604,2
14-1-127,20260605,2
14-1-127,20260606,2
14-1-127,20260607,2
15-1-127,20260401,2
15-1-127,20260404,2
15-1-127,20260405,2
15-1-127,20260406,2
15-1-127,20260408,2
15-1-127,20260411,2
15-1-127,20260412,2
15-1-127,20260415,2
15-1-127,20260418,2
15-1-127,20260419,2
15-1-127,20260420,2
15-1-127,20260421,2
15-1-127,20260422,2
15-1-127,20260423,2
15-1-127,20260424,2
15-1-127,20260425,2
15-1-127,20260426,2
15-1-127,20260427,2
15-1-127,20260428,2
15-1-127,20260429,2
15-1-127,20260430,2
15-1-127,20260501,2
15-1-127,20260502,2
15-1-127,20260503,2
15-1-127,20260506,2
15-1-127,20260508,2
15-1-127,20260509,2
15-1-127,20260510,2
15-1-127,20260513,2
15-1-127,20260514,2
15-1-127,20260515,2
15-1-127,20260516,2
15-1-127,20260517,2
15-1-127,20260520,2
15-1-127,20260523,2
15-1-127,20260524,2
15-1-127,20260525,2
15-1-127,20260527,2
15-1-127,20260530,2
15-1-127,20260531,2
15-1-127,20260603,2
15-1-127,20260606,2
15-1-127,20260607,2
16-1-127,20260402,2
16-1-127,20260403,2
16-1-127,20260404,2
16-1-127,20260405,2
16-1-127,20260406,2
16-1-127,20260407,2
16-1-127,20260409,2
16-1-127,20260410,2
16-1-127,20260411,2
16-1-127,20260412,2
16-1-127,20260413,2
16-1-127,20260414,2
16-1-127,20260416,2
16-1-127,20260417,2
16-1-127,20260418,2
16-1-127,20260419,2
16-1-127,20260420,2
16-1-127,20260421,2
16-1-127,20260422,2
16-1-127,20260423,2
16-1-127,20260424,2
16-1-127,20260425,2
16-1-127,20260426,2
16-1-127,20260427,2
16-1-127,20260428,2
16-1-127,20260429,2
16-1-127,20260430,2
16-1-127,20260501,2
16-1-127,20260502,2
16-1-127,20260503,2
16-1-127,20260504,2
16-1-127,20260505,2
16-1-127,20260507,2
16-1-127,20260508,2
16-1-127,20260509,2
16-1-127,20260510,2
16-1-127,20260511,2
16-1-127,20260512,2
16-1-127,20260514,2
16-1-127,20260515,2
16-1-127,20260516,2
16-1-127,20260517,2
16-1-127,20260518,2
16-1-127,20260519,2
16-1-127,20260521,2
16-1-127,20260522,2
16-1-127,20260523,2
16-1-127,20260524,2
16-1-127,20260525,2
16-1-127,20260526,2
16-1-127,20260528,2
16-1-127,20260529,2
16-1-127,20260530,2
16-1-127,20260531,2
16-1-127,20260601,2
16-1-127,20260602,2
16-1-127,20260604,2
16-1-127,20260605,2
16-1-127,20260606,2
16-1-127,20260607,2
17-1-127,20260404,2
17-1-127,20260405,2
17-1-127,20260406,2
17-1-127,20260411,2
17-1-127,20260412,2
17-1-127,20260418,2
17-1-127,20260419,2
17-1-127,20260420,2
17-1-127,20260421,2
17-1-127,20260422,2
17-1-127,20260423,2
17-1-127,20260424,2
17-1-127,20260425,2
17-1-127,20260426,2
17-1-127,20260427,2
17-1-127,20260428,2
17-1-127,20260429,2
17-1-127,20260430,2
17-1-127,20260501,2
17-1-127,20260502,2
17-1-127,20260503,2
17-1-127,20260504,2
17-1-127,20260505,2
17-1-127,20260506,2
17-1-127,20260507,2
17-1-127,20260508,2
17-1-127,20260509,2
17-1-127,20260510,2
17-1-127,20260511,2
17-1-127,20260512,2
17-1-127,20260513,2
17-1-127,20260514,2
17-1-127,20260515,2
17-1-127,20260516,2
17-1-127,20260517,2
17-1-127,20260518,2
17-1-127,20260519,2
17-1-127,20260520,2
17-1-127,20260521,2
17-1-127,20260522,2
17-1-127,20260523,2
17-1-127,20260524,2
17-1-127,20260525,2
17-1-127,20260526,2
17-1-127,20260527,2
17-1-127,20260528,2
17-1-127,20260529,2
17-1-127,20260530,2
17-1-127,20260531,2
17-1-127,20260601,2
17-1-127,20260602,2
17-1-127,20260603,2
17-1-127,20260604,2
17-1-127,20260605,2
17-1-127,20260606,2
17-1-127,20260607,2
18-1-127,20260401,2
18-1-127,20260402,2
18-1-127,20260403,2
18-1-127,20260404,2
18-1-127,20260405,2
18-1-127,20260406,2
18-1-127,20260407,2
18-1-127,20260408,2
18-1-127,20260409,2
18-1-127,20260410,2
18-1-127,20260411,2
18-1-127,20260412,2
18-1-127,20260413,2
18-1-127,20260414,2
18-1-127,20260415,2
18-1-127,20260416,2
18-1-127,20260417,2
18-1-127,20260418,2
18-1-127,20260419,2
18-1-127,20260420,2
18-1-127,20260421,2
18-1-127,20260422,2
18-1-127,20260423,2
18-1-127,20260424,2
18-1-127,20260425,2
18-1-127,20260426,2
18-1-127,20260427,2
18-1-127,20260428,2
18-1-127,20260429,2
18-1-127,20260430,2
18-1-127,20260501,2
18-1-127,20260502,2
18-1-127,20260503,2
18-1-127,20260504,2
18-1-127,20260505,2
18-1-127,20260506,2
18-1-127,20260507,2
18-1-127,20260508,2
18-1-127,20260509,2
18-1-127,20260510,2
18-1-127,20260511,2
18-1-127,20260512,2
18-1-127,20260513,2
18-1-127,20260514,2
18-1-127,20260515,2
18-1-127,20260516,2
18-1-127,20260517,2
18-1-127,20260518,2
18-1-127,20260519,2
18-1-127,20260520,2
18-1-127,20260521,2
18-1-127,20260523,2
18-1-127,20260524,2
18-1-127,20260525,2
18-1-127,20260526,2
18-1-127,20260527,2
18-1-127,20260528,2
18-1-127,20260530,2
18-1-127,20260531,2
18-1-127,20260601,2
18-1-127,20260602,2
18-1-127,20260603,2
18-1-127,20260604,2
18-1-127,20260606,2
18-1-127,20260607,2
19-1-127,20260401,2
19-1-127,20260402,2
19-1-127,20260403,2
19-1-127,20260404,2
19-1-127,20260405,2
19-1-127,20260406,2
19-1-127,20260407,2
19-1-127,20260408,2
19-1-127,20260409,2
19-1-127,20260410,2
19-1-127,20260411,2
19-1-127,20260412,2
19-1-127,20260413,2
19-1-127,20260414,2
19-1-127,20260415,2
19-1-127,20260416,2
19-1-127,20260417,2
19-1-127,20260418,2
19-1-127,20260419,2
19-1-127,20260420,2
19-1-127,20260421,2
19-1-127,20260422,2
19-1-127,20260423,2
19-1-127,20260424,2
19-1-127,20260425,2
19-1-127,20260426,2
19-1-127,20260427,2
19-1-127,20260428,2
19-1-127,20260429,2
19-1-127,20260430,2
19-1-127,20260501,2
19-1-127,20260502,2
19-1-127,20260503,2
19-1-127,20260504,2
19-1-127,20260505,2
19-1-127,20260506,2
19-1-127,20260507,2
19-1-127,20260508,2
19-1-127,20260509,2
19-1-127,20260511,2
19-1-127,20260512,2
19-1-127,20260513,2
19-1-127,20260515,2
19-1-127,20260516,2
19-1-127,20260518,2
19-1-127,20260519,2
19-1-127,20260520,2
19-1-127,20260521,2
19-1-127,20260522,2
19-1-127,20260523,2
19-1-127,20260526,2
19-1-127,20260527,2
19-1-127,20260528,2
19-1-127,20260529,2
19-1-127,20260530,2
19-1-127,20260601,2
19-1-127,20260602,2
19-1-127,20260603,2
19-1-127,20260604,2
19-1-127,20260605,2
19-1-127,20260606,2
20-1-127,20260401,2
20-1-127,20260402,2
20-1-127,20260403,2
20-1-127,20260404,2
20-1-127,20260405,2
20-1-127,20260406,2
20-1-127,20260407,2
20-1-127,20260408,2
20-1-127,20260409,2
20-1-127,20260410,2
20-1-127,20260411,2
20-1-127,20260412,2
20-1-127,20260413,2
20-1-127,20260414,2
20-1-127,20260415,2
20-1-127,20260416,2
20-1-127,20260417,2
20-1-127,20260418,2
20-1-127,20260419,2
20-1-127,20260420,2
20-1-127,20260421,2
20-1-127,20260422,2
20-1-127,20260423,2
20-1-127,20260424,2
20-1-127,20260425,2
20-1-127,20260426,2
20-1-127,20260427,2
20-1-127,20260428,2
20-1-127,20260429,2
20-1-127,20260430,2
20-1-127,20260501,2
20-1-127,20260502,2
20-1-127,20260503,2
20-1-127,20260508,2
20-1-127,20260509,2
20-1-127,20260510,2
20-1-127,20260514,2
20-1-127,20260515,2
20-1-127,20260516,2
20-1-127,20260517,2
20-1-127,20260522,2
20-1-127,20260523,2
20-1-127,20260524,2
20-1-127,20260525,2
20-1-127,20260529,2
20-1-127,20260530,2
20-1-127,20260531,2
20-1-127,20260605,2
20-1-127,20260606,2
20-1-127,20260607,2
21-1-127,20260401,2
21-1-127,20260402,2
21-1-127,20260403,2
21-1-127,20260404,2
21-1-127,20260405,2
21-1-127,20260406,2
21-1-127,20260407,2
21-1-127,20260408,2
21-1-127,20260409,2
21-1-127,20260410,2
21-1-127,20260411,2
21-1-127,20260412,2
21-1-127,20260413,2
21-1-127,20260414,2
21-1-127,20260415,2
21-1-127,20260416,2
21-1-127,20260417,2
21-1-127,20260418,2
21-1-127,20260419,2
21-1-127,20260420,2
21-1-127,20260421,2
21-1-127,20260422,2
21-1-127,20260423,2
21-1-127,20260424,2
21-1-127,20260425,2
21-1-127,20260426,2
21-1-127,20260427,2
21-1-127,20260428,2
21-1-127,20260429,2
21-1-127,20260430,2
21-1-127,20260501,2
21-1-127,20260502,2
21-1-127,20260503,2
21-1-127,20260504,2
21-1-127,20260505,2
21-1-127,20260506,2
21-1-127,20260507,2
21-1-127,20260508,2
21-1-127,20260510,2
21-1-127,20260511,2
21-1-127,20260512,2
21-1-127,20260513,2
21-1-127,20260514,2
21-1-127,20260515,2
21-1-127,20260517,2
21-1-127,20260518,2
21-1-127,20260519,2
21-1-127,20260520,2
21-1-127,20260521,2
21-1-127,20260522,2
21-1-127,20260524,2
21-1-127,20260525,2
21-1-127,20260526,2
21-1-127,20260527,2
21-1-127,20260528,2
21-1-127,20260529,2
21-1-127,20260531,2
21-1-127,20260601,2
21-1-127,20260602,2
21-1-127,20260603,2
21-1-127,20260604,2
21-1-127,20260605,2
21-1-127,20260607,2
2-1-127,20260401,2
2-1-127,20260402,2
2-1-127,20260403,2
2-1-127,20260404,2
2-1-127,20260407,2
2-1-127,20260408,2
2-1-127,20260409,2
2-1-127,20260410,2
2-1-127,20260411,2
2-1-127,20260413,2
2-1-127,20260414,2
2-1-127,20260415,2
2-1-127,20260416,2
2-1-127,20260417,2
2-1-127,20260418,2
2-1-127,20260420,2
2-1-127,20260421,2
2-1-127,20260422,2
2-1-127,20260423,2
2-1-127,20260424,2
2-1-127,20260425,2
2-1-127,20260427,2
2-1-127,20260428,2
2-1-127,20260429,2
2-1-127,20260430,2
2-1-127,20260501,2
2-1-127,20260502,2
2-1-127,20260504,2
2-1-127,20260505,2
2-1-127,20260506,2
2-1-127,20260507,2
2-1-127,20260508,2
2-1-127,20260509,2
2-1-127,20260511,2
2-1-127,20260512,2
2-1-127,20260513,2
2-1-127,20260515,2
2-1-127,20260516,2
2-1-127,20260518,2
2-1-127,20260519,2
2-1-127,20260520,2
2-1-127,20260521,2
2-1-127,20260522,2
2-1-127,20260523,2
2-1-127,20260526,2
2-1-127,20260527,2
2-1-127,20260528,2
2-1-127,20260529,2
2-1-127,20260530,2
2-1-127,20260601,2
2-1-127,20260602,2
2-1-127,20260603,2
2-1-127,20260604,2
2-1-127,20260605,2
2-1-127,20260606,2
22-1-127,20260401,2
22-1-127,20260402,2
22-1-127,20260403,2
22-1-127,20260404,2
22-1-127,20260405,2
22-1-127,20260406,2
22-1-127,20260407,2
22-1-127,20260408,2
22-1-127,20260409,2
22-1-127,20260410,2
22-1-127,20260411,2
22-1-127,20260412,2
22-1-127,20260413,2
22-1-127,20260414,2
22-1-127,20260415,2
22-1-127,20260416,2
22-1-127,20260417,2
22-1-127,20260418,2
22-1-127,20260419,2
22-1-127,20260420,2
22-1-127,20260421,2
22-1-127,20260422,2
22-1-127,20260423,2
22-1-127,20260424,2
22-1-127,20260425,2
22-1-127,20260426,2
22-1-127,20260427,2
22-1-127,20260428,2
22-1-127,20260429,2
22-1-127,20260430,2
22-1-127,20260501,2
22-1-127,20260502,2
22-1-127,20260503,2
22-1-127,20260504,2
22-1-127,20260505,2
22-1-127,20260506,2
22-1-127,20260507,2
22-1-127,20260508,2
22-1-127,20260509,2
22-1-127,20260510,2
22-1-127,20260511,2
22-1-127,20260512,2
22-1-127,20260513,2
22-1-127,20260514,2
22-1-127,20260516,2
22-1-127,20260517,2
22-1-127,20260518,2
22-1-127,20260519,2
22-1-127,20260520,2
22-1-127,20260521,2
22-1-127,20260522,2
22-1-127,20260523,2
22-1-127,20260524,2
22-1-127,20260525,2
22-1-127,20260526,2
22-1-127,20260527,2
22-1-127,20260528,2
22-1-127,20260529,2
22-1-127,20260530,2
22-1-127,20260531,2
22-1-127,20260601,2
22-1-127,20260602,2
22-1-127,20260603,2
22-1-127,20260604,2
22-1-127,20260605,2
22-1-127,20260606,2
22-1-127,20260607,2
23-1-127,20260401,2
23-1-127,20260402,2
23-1-127,20260403,2
23-1-127,20260404,2
23-1-127,20260405,2
23-1-127,20260406,2
23-1-127,20260407,2
23-1-127,20260408,2
23-1-127,20260409,2
23-1-127,20260410,2
23-1-127,20260411,2
23-1-127,20260412,2
23-1-127,20260413,2
23-1-127,20260414,2
23-1-127,20260415,2
23-1-127,20260416,2
23-1-127,20260417,2
23-1-127,20260418,2
23-1-127,20260419,2
23-1-127,20260420,2
23-1-127,20260421,2
23-1-127,20260422,2
23-1-127,20260423,2
23-1-127,20260424,2
23-1-127,20260425,2
23-1-127,20260426,2
23-1-127,20260427,2
23-1-127,20260428,2
23-1-127,20260429,2
23-1-127,20260430,2
23-1-127,20260501,2
23-1-127,20260502,2
23-1-127,20260503,2
23-1-127,20260504,2
23-1-127,20260505,2
23-1-127,20260506,2
23-1-127,20260507,2
23-1-127,20260509,2
23-1-127,20260510,2
23-1-127,20260511,2
23-1-127,20260512,2
23-1-127,20260513,2
23-1-127,20260514,2
23-1-127,20260515,2
23-1-127,20260516,2
23-1-127,20260517,2
23-1-127,20260518,2
23-1-127,20260519,2
23-1-127,20260520,2
23-1-127,20260521,2
23-1-127,20260522,2
23-1-127,20260523,2
23-1-127,20260524,2
23-1-127,20260525,2
23-1-127,20260526,2
23-1-127,20260527,2
23-1-127,20260528,2
23-1-127,20260529,2
23-1-127,20260530,2
23-1-127,20260531,2
23-1-127,20260601,2
23-1-127,20260602,2
23-1-127,20260603,2
23-1-127,20260604,2
23-1-127,20260605,2
23-1-127,20260606,2
23-1-127,20260607,2
24-1-127,20260401,2
24-1-127,20260402,2
24-1-127,20260403,2
24-1-127,20260404,2
24-1-127,20260405,2
24-1-127,20260406,2
24-1-127,20260407,2
24-1-127,20260408,2
24-1-127,20260409,2
24-1-127,20260410,2
24-1-127,20260411,2
24-1-127,20260412,2
24-1-127,20260413,2
24-1-127,20260414,2
24-1-127,20260415,2
24-1-127,20260416,2
24-1-127,20260417,2
24-1-127,20260418,2
24-1-127,20260419,2
24-1-127,20260420,2
24-1-127,20260421,2
24-1-127,20260422,2
24-1-127,20260423,2
24-1-127,20260424,2
24-1-127,20260425,2
24-1-127,20260426,2
24-1-127,20260427,2
24-1-127,20260428,2
24-1-127,20260429,2
24-1-127,20260430,2
24-1-127,20260501,2
24-1-127,20260502,2
24-1-127,20260503,2
24-1-127,20260508,2
24-1-127,20260509,2
24-1-127,20260510,2
24-1-127,20260514,2
24-1-127,20260515,2
24-1-127,20260516,2
24-1-127,20260517,2
24-1-127,20260523,2
24-1-127,20260524,2
24-1-127,20260525,2
24-1-127,20260530,2
24-1-127,20260531,2
24-1-127,20260606,2
24-1-127,20260607,2
25-1-127,20260401,2
25-1-127,20260402,2
25-1-127,20260403,2
25-1-127,20260404,2
25-1-127,20260405,2
25-1-127,20260406,2
25-1-127,20260407,2
25-1-127,20260408,2
25-1-127,20260409,2
25-1-127,20260410,2
25-1-127,20260411,2
25-1-127,20260412,2
25-1-127,20260413,2
25-1-127,20260414,2
25-1-127,20260415,2
25-1-127,20260416,2
25-1-127,20260417,2
25-1-127,20260418,2
25-1-127,20260419,2
25-1-127,20260420,2
25-1-127,20260421,2
25-1-127,20260422,2
25-1-127,20260423,2
25-1-127,20260424,2
25-1-127,20260425,2
25-1-127,20260426,2
25-1-127,20260427,2
25-1-127,20260428,2
25-1-127,20260429,2
25-1-127,20260430,2
25-1-127,20260501,2
25-1-127,20260502,2
25-1-127,20260503,2
25-1-127,20260504,2
25-1-127,20260505,2
25-1-127,20260506,2
25-1-127,20260507,2
25-1-127,20260509,2
25-1-127,20260511,2
25-1-127,20260512,2
25-1-127,20260513,2
25-1-127,20260515,2
25-1-127,20260516,2
25-1-127,20260518,2
25-1-127,20260519,2
25-1-127,20260520,2
25-1-127,20260521,2
25-1-127,20260522,2
25-1-127,20260523,2
25-1-127,20260526,2
25-1-127,20260527,2
25-1-127,20260528,2
25-1-127,20260529,2
25-1-127,20260530,2
25-1-127,20260601,2
25-1-127,20260602,2
25-1-127,20260603,2
25-1-127,20260604,2
25-1-127,20260605,2
25-1-127,20260606,2
3-1-127,20260401,2
3-1-127,20260402,2
3-1-127,20260404,2
3-1-127,20260405,2
3-1-127,20260406,2
3-1-127,20260407,2
3-1-127,20260408,2
3-1-127,20260409,2
3-1-127,20260411,2
3-1-127,20260412,2
3-1-127,20260413,2
3-1-127,20260414,2
3-1-127,20260415,2
3-1-127,20260416,2
3-1-127,20260418,2
3-1-127,20260419,2
3-1-127,20260420,2
3-1-127,20260421,2
3-1-127,20260422,2
3-1-127,20260423,2
3-1-127,20260424,2
3-1-127,20260425,2
3-1-127,20260426,2
3-1-127,20260427,2
3-1-127,20260428,2
3-1-127,20260429,2
3-1-127,20260430,2
3-1-127,20260501,2
3-1-127,20260502,2
3-1-127,20260503,2
3-1-127,20260504,2
3-1-127,20260505,2
3-1-127,20260506,2
3-1-127,20260507,2
3-1-127,20260508,2
3-1-127,20260509,2
3-1-127,20260510,2
3-1-127,20260511,2
3-1-127,20260512,2
3-1-127,20260513,2
3-1-127,20260514,2
3-1-127,20260515,2
3-1-127,20260516,2
3-1-127,20260517,2
3-1-127,20260518,2
3-1-127,20260519,2
3-1-127,20260520,2
3-1-127,20260521,2
3-1-127,20260523,2
3-1-127,20260524,2
3-1-127,20260525,2
3-1-127,20260526,2
3-1-127,20260527,2
3-1-127,20260528,2
3-1-127,20260530,2
3-1-127,20260531,2
3-1-127,20260601,2
3-1-127,20260602,2
3-1-127,20260603,2
3-1-127,20260604,2
3-1-127,20260606,2
3-1-127,20260607,2
4-1-127,20260401,2
4-1-127,20260402,2
4-1-127,20260403,2
4-1-127,20260405,2
4-1-127,20260406,2
4-1-127,20260407,2
4-1-127,20260408,2
4-1-127,20260409,2
4-1-127,20260410,2
4-1-127,20260412,2
4-1-127,20260413,2
4-1-127,20260414,2
4-1-127,20260415,2
4-1-127,20260416,2
4-1-127,20260417,2
4-1-127,20260419,2
4-1-127,20260420,2
4-1-127,20260421,2
4-1-127,20260422,2
4-1-127,20260423,2
4-1-127,20260424,2
4-1-127,20260426,2
4-1-127,20260427,2
4-1-127,20260428,2
4-1-127,20260429,2
4-1-127,20260430,2
4-1-127,20260501,2
4-1-127,20260503,2
4-1-127,20260504,2
4-1-127,20260505,2
4-1-127,20260506,2
4-1-127,20260507,2
4-1-127,20260508,2
4-1-127,20260510,2
4-1-127,20260511,2
4-1-127,20260512,2
4-1-127,20260513,2
4-1-127,20260514,2
4-1-127,20260515,2
4-1-127,20260517,2
4-1-127,20260518,2
4-1-127,20260519,2
4-1-127,20260520,2
4-1-127,20260521,2
4-1-127,20260522,2
4-1-127,20260524,2
4-1-127,20260525,2
4-1-127,20260526,2
4-1-127,20260527,2
4-1-127,20260528,2
4-1-127,20260529,2
4-1-127,20260531,2
4-1-127,20260601,2
4-1-127,20260602,2
4-1-127,20260603,2
4-1-127,20260604,2
4-1-127,20260605,2
4-1-127,20260607,2
5-1-127,20260401,2
5-1-127,20260402,2
5-1-127,20260403,2
5-1-127,20260404,2
5-1-127,20260405,2
5-1-127,20260406,2
5-1-127,20260407,2
5-1-127,20260408,2
5-1-127,20260409,2
5-1-127,20260410,2
5-1-127,20260411,2
5-1-127,20260412,2
5-1-127,20260413,2
5-1-127,20260414,2
5-1-127,20260415,2
5-1-127,20260416,2
5-1-127,20260417,2
5-1-127,20260418,2
5-1-127,20260419,2
5-1-127,20260424,2
5-1-127,20260425,2
5-1-127,20260426,2
5-1-127,20260501,2
5-1-127,20260502,2
5-1-127,20260503,2
5-1-127,20260504,2
5-1-127,20260505,2
5-1-127,20260506,2
5-1-127,20260507,2
5-1-127,20260508,2
5-1-127,20260509,2
5-1-127,20260510,2
5-1-127,20260511,2
5-1-127,20260512,2
5-1-127,20260513,2
5-1-127,20260514,2
5-1-127,20260515,2
5-1-127,20260516,2
5-1-127,20260517,2
5-1-127,20260518,2
5-1-127,20260519,2
5-1-127,20260520,2
5-1-127,20260521,2
5-1-127,20260522,2
5-1-127,20260523,2
5-1-127,20260524,2
5-1-127,20260525,2
5-1-127,20260526,2
5-1-127,20260527,2
5-1-127,20260528,2
5-1-127,20260529,2
5-1-127,20260530,2
5-1-127,20260531,2
5-1-127,20260601,2
5-1-127,20260602,2
5-1-127,20260603,2
5-1-127,20260604,2
5-1-127,20260605,2
5-1-127,20260606,2
5-1-127,20260607,2
6-1-127,20260401,2
6-1-127,20260402,2
6-1-127,20260403,2
6-1-127,20260404,2
6-1-127,20260405,2
6-1-127,20260406,2
6-1-127,20260407,2
6-1-127,20260408,2
6-1-127,20260409,2
6-1-127,20260410,2
6-1-127,20260411,2
6-1-127,20260412,2
6-1-127,20260413,2
6-1-127,20260414,2
6-1-127,20260415,2
6-1-127,20260416,2
6-1-127,20260417,2
6-1-127,20260418,2
6-1-127,20260419,2
6-1-127,20260420,2
6-1-127,20260421,2
6-1-127,20260422,2
6-1-127,20260423,2
6-1-127,20260425,2
6-1-127,20260426,2
6-1-127,20260427,2
6-1-127,20260428,2
6-1-127,20260429,2
6-1-127,20260430,2
6-1-127,20260501,2
6-1-127,20260502,2
6-1-127,20260503,2
6-1-127,20260504,2
6-1-127,20260505,2
6-1-127,20260506,2
6-1-127,20260507,2
6-1-127,20260508,2
6-1-127,20260509,2
6-1-127,20260510,2
6-1-127,20260511,2
6-1-127,20260512,2
6-1-127,20260513,2
6-1-127,20260514,2
6-1-127,20260516,2
6-1-127,20260517,2
6-1-127,20260518,2
6-1-127,20260519,2
6-1-127,20260520,2
6-1-127,20260521,2
6-1-127,20260522,2
6-1-127,20260523,2
6-1-127,20260524,2
6-1-127,20260525,2
6-1-127,20260526,2
6-1-127,20260527,2
6-1-127,20260528,2
6-1-127,20260529,2
6-1-127,20260530,2
6-1-127,20260531,2
6-1-127,20260601,2
6-1-127,20260602,2
6-1-127,20260603,2
6-1-127,20260604,2
6-1-127,20260605,2
6-1-127,20260606,2
6-1-127,20260607,2
7-1-127,20260401,2
7-1-127,20260402,2
7-1-127,20260403,2
7-1-127,20260404,2
7-1-127,20260405,2
7-1-127,20260406,2
7-1-127,20260407,2
7-1-127,20260408,2
7-1-127,20260409,2
7-1-127,20260410,2
7-1-127,20260411,2
7-1-127,20260412,2
7-1-127,20260413,2
7-1-127,20260414,2
7-1-127,20260415,2
7-1-127,20260416,2
7-1-127,20260417,2
7-1-127,20260418,2
7-1-127,20260419,2
7-1-127,20260425,2
7-1-127,20260426,2
7-1-127,20260501,2
7-1-127,20260502,2
7-1-127,20260503,2
7-1-127,20260504,2
7-1-127,20260505,2
7-1-127,20260506,2
7-1-127,20260507,2
7-1-127,20260508,2
7-1-127,20260509,2
7-1-127,20260510,2
7-1-127,20260511,2
7-1-127,20260512,2
7-1-127,20260513,2
7-1-127,20260514,2
7-1-127,20260516,2
7-1-127,20260517,2
7-1-127,20260518,2
7-1-127,20260519,2
7-1-127,20260520,2
7-1-127,20260521,2
7-1-127,20260522,2
7-1-127,20260523,2
7-1-127,20260524,2
7-1-127,20260525,2
7-1-127,20260526,2
7-1-127,20260527,2
7-1-127,20260528,2
7-1-127,20260529,2
7-1-127,20260530,2
7-1-127,20260531,2
7-1-127,20260601,2
7-1-127,20260602,2
7-1-127,20260603,2
7-1-127,20260604,2
7-1-127,20260605,2
7-1-127,20260606,2
7-1-127,20260607,2
8-1-127,20260401,2
8-1-127,20260402,2
8-1-127,20260403,2
8-1-127,20260404,2
8-1-127,20260407,2
8-1-127,20260408,2
8-1-127,20260409,2
8-1-127,20260410,2
8-1-127,20260411,2
8-1-127,20260413,2
8-1-127,20260414,2
8-1-127,20260415,2
8-1-127,20260416,2
8-1-127,20260417,2
8-1-127,20260418,2
8-1-127,20260420,2
8-1-127,20260421,2
8-1-127,20260422,2
8-1-127,20260423,2
8-1-127,20260424,2
8-1-127,20260425,2
8-1-127,20260427,2
8-1-127,20260428,2
8-1-127,20260429,2
8-1-127,20260430,2
8-1-127,20260501,2
8-1-127,20260502,2
8-1-127,20260504,2
8-1-127,20260505,2
8-1-127,20260506,2
8-1-127,20260507,2
8-1-127,20260509,2
8-1-127,20260511,2
8-1-127,20260512,2
8-1-127,20260513,2
8-1-127,20260515,2
8-1-127,20260516,2
8-1-127,20260518,2
8-1-127,20260519,2
8-1-127,20260520,2
8-1-127,20260521,2
8-1-127,20260522,2
8-1-127,20260523,2
8-1-127,20260526,2
8-1-127,20260527,2
8-1-127,20260528,2
8-1-127,20260529,2
8-1-127,20260530,2
8-1-127,20260601,2
8-1-127,20260602,2
8-1-127,20260603,2
8-1-127,20260604,2
8-1-127,20260605,2
8-1-127,20260606,2
9-1-127,20260404,2
9-1-127,20260405,2
9-1-127,20260406,2
9-1-127,20260411,2
9-1-127,20260412,2
9-1-127,20260418,2
9-1-127,20260419,2
9-1-127,20260420,2
9-1-127,20260421,2
9-1-127,20260422,2
9-1-127,20260423,2
9-1-127,20260424,2
9-1-127,20260425,2
9-1-127,20260426,2
9-1-127,20260427,2
9-1-127,20260428,2
9-1-127,20260429,2
9-1-127,20260430,2
9-1-127,20260501,2
9-1-127,20260502,2
9-1-127,20260503,2
9-1-127,20260508,2
9-1-127,20260509,2
9-1-127,20260510,2
9-1-127,20260514,2
9-1-127,20260515,2
9-1-127,20260516,2
9-1-127,20260517,2
9-1-127,20260523,2
9-1-127,20260524,2
9-1-127,20260525,2
9-1-127,20260530,2
9-1-127,20260531,2
9-1-127,20260606,2
9-1-127,20260607,2
