station_id,nom,lat,lon,velos_dispo,nb_places_dispo,commune,etat,ville,nb_emprunts,usage_score,cluster
317,Gare d'eau,50.62911,3.02139,7,7,Lille,EN SERVICE,Lille,0.0,0.0,0
318,Hellu - Épine,50.61946,3.09978,8,6,Hellemmes,EN SERVICE,Lille,0.0,0.0,0
316,Ramponneau,50.6399,3.05323,4,16,Lille,EN SERVICE,Lille,0.0,0.0,0
40,Metro Gambetta,50.62614,3.051729,14,14,Lille,EN SERVICE,Lille,35444.0,0.6343445190156599,0
40,Metro Gambetta,50.62614,3.051729,14,14,Lille,EN SERVICE,Lille,6014.0,0.1076331096196868,0
73,St Maurice Pellevoisin,50.642315,3.087979,8,16,Lille,EN SERVICE,Lille,10785.0,0.19302013422818792,0
73,St Maurice Pellevoisin,50.642315,3.087979,8,16,Lille,EN SERVICE,Lille,2020.0,0.03615212527964206,0
77,Mont de Terre,50.62286,3.0914,3,15,Lille,EN SERVICE,Lille,12619.0,0.2258434004474273,0
77,Mont de Terre,50.62286,3.0914,3,15,Lille,EN SERVICE,Lille,2224.0,0.039803131991051455,0
78,Hotel de Police,50.615536,3.048518,7,11,Lille,EN SERVICE,Lille,13923.0,0.2491812080536913,0
78,Hotel de Police,50.615536,3.048518,7,11,Lille,EN SERVICE,Lille,2211.0,0.03957046979865772,0
86,Roger Salengro,50.62903,3.10295,2,10,Lille,EN SERVICE,Lille,3429.0,0.061369127516778525,0
86,Roger Salengro,50.62903,3.10295,2,10,Lille,EN SERVICE,Lille,478.0,0.008554809843400447,0
114,Bois Habite,50.62651,3.079211,12,5,Lille,EN SERVICE,Lille,14105.0,0.2524384787472036,0
114,Bois Habite,50.62651,3.079211,12,5,Lille,EN SERVICE,Lille,2174.0,0.0389082774049217,0
151,Ch. des Margueritois,50.60642,3.072209,5,8,Ronchin,EN SERVICE,Lille,3135.0,0.05610738255033557,0
151,Ch. des Margueritois,50.60642,3.072209,5,8,Ronchin,EN SERVICE,Lille,468.0,0.008375838926174497,0
261,Phalempins,50.732406,3.157764,3,11,Tourcoing,EN SERVICE,Lille,152.0,0.002720357941834452,1
261,Phalempins,50.732406,3.157764,3,11,Tourcoing,EN SERVICE,Lille,28.0,0.0005011185682326621,1
265,Croix Centre,50.67441,3.14721,7,9,Croix,EN SERVICE,Lille,1920.0,0.03436241610738255,1
265,Croix Centre,50.67441,3.14721,7,9,Croix,EN SERVICE,Lille,403.0,0.007212527964205817,1
266,Mairie de Quartier Ouest,50.6875,3.158559,0,12,Roubaix,IN_MAINTENANCE,Lille,81.0,0.0014496644295302014,1
267,Fer à cheval,50.670155,3.154898,7,13,Roubaix,EN SERVICE,Lille,2313.0,0.041395973154362414,1
267,Fer à cheval,50.670155,3.154898,7,13,Roubaix,EN SERVICE,Lille,425.0,0.007606263982102908,1
268,Blanchemaille,50.696909,3.168664,2,6,Roubaix,EN SERVICE,Lille,150.0,0.0026845637583892616,1
268,Blanchemaille,50.696909,3.168664,2,6,Roubaix,EN SERVICE,Lille,45.0,0.0008053691275167785,1
269,Delory Barbieux,50.676665,3.167315,0,20,Roubaix,IN_MAINTENANCE,Lille,3562.0,0.06374944071588366,1
269,Delory Barbieux,50.676665,3.167315,0,20,Roubaix,IN_MAINTENANCE,Lille,193.0,0.00345413870246085,1
270,Pavé de Lille,50.664211,3.130098,7,13,Wasquehal,EN SERVICE,Lille,1820.0,0.03257270693512304,1
270,Pavé de Lille,50.664211,3.130098,7,13,Wasquehal,EN SERVICE,Lille,263.0,0.004706935123042506,1
271,Wasquehal Hotel de ville,50.669917,3.13075,5,14,Wasquehal,EN SERVICE,Lille,763.0,0.013655480984340045,1
271,Wasquehal Hotel de ville,50.669917,3.13075,5,14,Wasquehal,EN SERVICE,Lille,151.0,0.0027024608501118566,1
272,Charles Fourier,50.671609,3.183066,10,2,Roubaix,EN SERVICE,Lille,609.0,0.010899328859060402,1
272,Charles Fourier,50.671609,3.183066,10,2,Roubaix,EN SERVICE,Lille,131.0,0.0023445190156599553,1
273,Piscine des 3 Villes,50.670865,3.198875,7,7,Hem,EN SERVICE,Lille,123.0,0.0022013422818791947,1
273,Piscine des 3 Villes,50.670865,3.198875,7,7,Hem,EN SERVICE,Lille,29.0,0.0005190156599552573,1
274,Calmette,50.667847,3.192974,3,5,Hem,EN SERVICE,Lille,130.0,0.0023266219239373603,1
274,Calmette,50.667847,3.192974,3,5,Hem,EN SERVICE,Lille,13.0,0.00023266219239373602,1
276,Georges Hannart,50.67756,3.14019,9,11,Croix,EN SERVICE,Lille,869.0,0.015552572706935124,1
276,Georges Hannart,50.67756,3.14019,9,11,Croix,EN SERVICE,Lille,94.0,0.0016823266219239373,1
300,Rousseau,50.64466,3.03027,6,14,Lambersart,EN SERVICE,Lille,5566.0,0.09961521252796421,0
300,Rousseau,50.64466,3.03027,6,14,Lambersart,EN SERVICE,Lille,970.0,0.017360178970917226,0
3,Jardin Vauban,50.636093,3.050447,6,12,Lille,DÉCONNECTÉ,Lille,15929.0,0.285082774049217,0
3,Jardin Vauban,50.636093,3.050447,6,12,Lille,DÉCONNECTÉ,Lille,3070.0,0.05494407158836689,0
9,Rue de Toul,50.63393,3.044986,17,19,Lille,EN SERVICE,Lille,28765.0,0.5148098434004474,0
9,Rue de Toul,50.63393,3.044986,17,19,Lille,EN SERVICE,Lille,5994.0,0.1072751677852349,0
32,Place aux Bleuets,50.64142,3.067873,7,9,Lille,EN SERVICE,Lille,8439.0,0.15103355704697988,0
32,Place aux Bleuets,50.64142,3.067873,7,9,Lille,EN SERVICE,Lille,1240.0,0.022192393736017897,0
50,Rue d'Arras,50.62224,3.067004,1,24,Lille,EN SERVICE,Lille,22152.0,0.3964563758389262,0
50,Rue d'Arras,50.62224,3.067004,1,24,Lille,EN SERVICE,Lille,3997.0,0.07153467561521253,0
72,Canteleu,50.637302,3.024314,18,0,Lille,EN SERVICE,Lille,15025.0,0.268903803131991,0
72,Canteleu,50.637302,3.024314,18,0,Lille,EN SERVICE,Lille,2431.0,0.043507829977628636,0
82,Gare Lille Europe,50.63999,3.075204,12,20,Lille,EN SERVICE,Lille,21623.0,0.3869888143176734,0
82,Gare Lille Europe,50.63999,3.075204,12,20,Lille,EN SERVICE,Lille,3579.0,0.06405369127516779,0
161,Chaude Rivière,50.634417,3.082227,6,9,Lille,EN SERVICE,Lille,10026.0,0.17943624161073826,0
161,Chaude Rivière,50.634417,3.082227,6,9,Lille,EN SERVICE,Lille,1709.0,0.03058612975391499,0
162,Angellier,50.628544,3.065015,18,8,Lille,EN SERVICE,Lille,31626.0,0.566013422818792,0
162,Angellier,50.628544,3.065015,18,8,Lille,EN SERVICE,Lille,6203.0,0.11101565995525726,0
167,Tranquillité,50.626107,3.046295,2,18,Lille,EN SERVICE,Lille,19958.0,0.35719015659955256,0
167,Tranquillité,50.626107,3.046295,2,18,Lille,EN SERVICE,Lille,3586.0,0.06417897091722595,0
174,CHU - Eurasanté,50.607664,3.038892,22,6,Lille,EN SERVICE,Lille,10032.0,0.17954362416107383,0
174,CHU - Eurasanté,50.607664,3.038892,22,6,Lille,EN SERVICE,Lille,1566.0,0.028026845637583894,0
177,Rue de Londres,50.616763,3.023032,9,5,Loos,EN SERVICE,Lille,5137.0,0.09193736017897092,0
177,Rue de Londres,50.616763,3.023032,9,5,Loos,EN SERVICE,Lille,667.0,0.011937360178970917,0
202,Parc Barbieux,50.678038,3.162436,7,17,Roubaix,DÉCONNECTÉ,Lille,1775.0,0.031767337807606266,1
202,Parc Barbieux,50.678038,3.162436,7,17,Roubaix,DÉCONNECTÉ,Lille,395.0,0.0070693512304250555,1
2,Universite Catholique,50.632233,3.046134,30,1,Lille,EN SERVICE,Lille,29140.0,0.5215212527964206,0
2,Universite Catholique,50.632233,3.046134,30,1,Lille,EN SERVICE,Lille,6517.0,0.11663534675615213,0
4,Maison Folie Wazemmes,50.624695,3.048961,11,9,Lille,EN SERVICE,Lille,8992.0,0.16093064876957494,0
4,Maison Folie Wazemmes,50.624695,3.048961,11,9,Lille,EN SERVICE,Lille,1307.0,0.023391498881431768,0
5,Massena,50.63156,3.054738,5,35,Lille,EN SERVICE,Lille,44794.0,0.801682326621924,0
5,Massena,50.63156,3.054738,5,35,Lille,EN SERVICE,Lille,8181.0,0.14641610738255034,0
6,Republique Beaux Arts,50.630937,3.060777,6,26,Lille,EN SERVICE,Lille,27886.0,0.49907829977628637,0
6,Republique Beaux Arts,50.630937,3.060777,6,26,Lille,EN SERVICE,Lille,7185.0,0.12859060402684563,0
7,Place de Strasbourg,50.633728,3.055307,7,9,Lille,EN SERVICE,Lille,23843.0,0.42672035794183444,0
7,Place de Strasbourg,50.633728,3.055307,7,9,Lille,EN SERVICE,Lille,4294.0,0.07685011185682326,0
8,Place Richebe,50.632366,3.062313,22,18,Lille,EN SERVICE,Lille,55875.0,1.0,0
8,Place Richebe,50.632366,3.062313,22,18,Lille,EN SERVICE,Lille,9071.0,0.16234451901565997,0
10,Rihour,50.63589,3.062471,26,6,Lille,EN SERVICE,Lille,37375.0,0.668903803131991,0
10,Rihour,50.63589,3.062471,26,6,Lille,EN SERVICE,Lille,6719.0,0.12025055928411633,0
11,Nouveau siecle,50.63734,3.060977,8,24,Lille,EN SERVICE,Lille,27501.0,0.49218791946308726,0
11,Nouveau siecle,50.63734,3.060977,8,24,Lille,EN SERVICE,Lille,3477.0,0.062228187919463086,0
12,Opera,50.637486,3.065902,12,13,Lille,EN SERVICE,Lille,28853.0,0.5163847874720358,0
12,Opera,50.637486,3.065902,12,13,Lille,EN SERVICE,Lille,4795.0,0.0858165548098434,0
13,Quai du Wault,50.63671,3.054773,3,15,Lille,EN SERVICE,Lille,21060.0,0.3769127516778524,0
13,Quai du Wault,50.63671,3.054773,3,15,Lille,EN SERVICE,Lille,3470.0,0.062102908277404924,0
14,Champ de Mars,50.63778,3.050661,20,20,Lille,EN SERVICE,Lille,43456.0,0.7777360178970917,0
14,Champ de Mars,50.63778,3.050661,20,20,Lille,EN SERVICE,Lille,6518.0,0.11665324384787472,0
15,Esplanade,50.6449,3.050645,9,15,Lille,EN SERVICE,Lille,13106.0,0.2345592841163311,0
15,Esplanade,50.6449,3.050645,9,15,Lille,EN SERVICE,Lille,1777.0,0.031803131991051455,0
16,Magasin,50.646225,3.053499,0,16,Lille,EN SERVICE,Lille,17058.0,0.30528859060402685,0
16,Magasin,50.646225,3.053499,0,16,Lille,EN SERVICE,Lille,3207.0,0.057395973154362415,0
17,Halle aux sucres,50.644695,3.060867,11,8,Lille,EN SERVICE,Lille,19339.0,0.34611185682326623,0
17,Halle aux sucres,50.644695,3.060867,11,8,Lille,EN SERVICE,Lille,3649.0,0.06530648769574944,0
18,Voltaire,50.6428,3.055932,8,6,Lille,EN SERVICE,Lille,17431.0,0.3119642058165548,0
18,Voltaire,50.6428,3.055932,8,6,Lille,EN SERVICE,Lille,3003.0,0.05374496644295302,0
19,Rue Royale,50.64031,3.05774,22,2,Lille,EN SERVICE,Lille,30816.0,0.5515167785234899,0
19,Rue Royale,50.64031,3.05774,22,2,Lille,EN SERVICE,Lille,5198.0,0.09302908277404921,0
20,N.D. de la Treille,50.640385,3.062053,19,11,Lille,EN SERVICE,Lille,16852.0,0.3016017897091723,0
20,N.D. de la Treille,50.640385,3.062053,19,11,Lille,EN SERVICE,Lille,2742.0,0.049073825503355706,0
21,Place du Concert,50.64193,3.061774,8,12,Lille,EN SERVICE,Lille,13071.0,0.23393288590604028,0
21,Place du Concert,50.64193,3.061774,8,12,Lille,EN SERVICE,Lille,2213.0,0.03960626398210291,0
22,Louise de Bettignies,50.64144,3.064974,22,8,Lille,EN SERVICE,Lille,25381.0,0.4542460850111857,0
22,Louise de Bettignies,50.64144,3.064974,22,8,Lille,EN SERVICE,Lille,4104.0,0.0734496644295302,0
23,Rue des Arts,50.639107,3.065767,17,1,Lille,EN SERVICE,Lille,19988.0,0.35772706935123044,0
23,Rue des Arts,50.639107,3.065767,17,1,Lille,EN SERVICE,Lille,3449.0,0.06172706935123042,0
24,Flandres Euralille,50.637078,3.070774,28,12,Lille,EN SERVICE,Lille,53961.0,0.965744966442953,0
24,Flandres Euralille,50.637078,3.070774,28,12,Lille,EN SERVICE,Lille,9679.0,0.17322595078299777,0
25,Gare Lille Flandres,50.636399,3.069354,8,24,Lille,EN SERVICE,Lille,52724.0,0.9436062639821029,0
25,Gare Lille Flandres,50.636399,3.069354,8,24,Lille,EN SERVICE,Lille,8911.0,0.15948098434004473,0
26,Molinel,50.63458,3.068097,21,1,Lille,EN SERVICE,Lille,40530.0,0.7253691275167785,0
26,Molinel,50.63458,3.068097,21,1,Lille,EN SERVICE,Lille,7106.0,0.12717673378076064,0
27,Tanneurs,50.635014,3.064802,26,10,Lille,EN SERVICE,Lille,29665.0,0.530917225950783,0
27,Tanneurs,50.635014,3.064802,26,10,Lille,EN SERVICE,Lille,4743.0,0.08488590604026845,0
28,Palais Rameau,50.634297,3.048936,28,12,Lille,EN SERVICE,Lille,37891.0,0.6781387024608501,0
28,Palais Rameau,50.634297,3.048936,28,12,Lille,EN SERVICE,Lille,7628.0,0.13651901565995525,0
29,St Sebastien,50.647236,3.059376,0,24,Lille,IN_MAINTENANCE,Lille,29096.0,0.5207337807606264,0
30,Rue de Gand,50.64297,3.067375,4,15,Lille,EN SERVICE,Lille,10964.0,0.19622371364653243,0
30,Rue de Gand,50.64297,3.067375,4,15,Lille,EN SERVICE,Lille,1698.0,0.030389261744966443,0
31,Pont Neuf,50.644264,3.062935,18,2,Lille,EN SERVICE,Lille,10328.0,0.18484116331096198,0
31,Pont Neuf,50.644264,3.062935,18,2,Lille,EN SERVICE,Lille,1617.0,0.02893959731543624,0
33,Port de Lille,50.63022,3.035681,4,22,Lille,EN SERVICE,Lille,17273.0,0.30913646532438477,0
33,Port de Lille,50.63022,3.035681,4,22,Lille,EN SERVICE,Lille,3141.0,0.05621476510067114,0
34,Place Catinat,50.63413,3.041209,9,11,Lille,EN SERVICE,Lille,23819.0,0.42629082774049215,0
34,Place Catinat,50.63413,3.041209,9,11,Lille,EN SERVICE,Lille,4216.0,0.07545413870246084,0
35,Leclerc,50.629207,3.043971,7,21,Lille,EN SERVICE,Lille,28588.0,0.5116420581655481,0
35,Leclerc,50.629207,3.043971,7,21,Lille,EN SERVICE,Lille,5714.0,0.10226398210290828,0
36,Cormontaigne,50.62624,3.039911,8,28,Lille,EN SERVICE,Lille,43139.0,0.7720626398210291,0
36,Cormontaigne,50.62624,3.039911,8,28,Lille,EN SERVICE,Lille,8200.0,0.14675615212527965,0
37,Fulton,50.62337,3.037553,1,11,Lille,EN SERVICE,Lille,14965.0,0.26782997762863536,0
37,Fulton,50.62337,3.037553,1,11,Lille,EN SERVICE,Lille,2523.0,0.04515436241610738,0
38,Place Casquette,50.62429,3.045321,0,18,Lille,EN SERVICE,Lille,16734.0,0.29948993288590603,0
38,Place Casquette,50.62429,3.045321,0,18,Lille,EN SERVICE,Lille,2741.0,0.04905592841163311,0
39,Marche de Wazemmes,50.627674,3.050173,8,19,Lille,EN SERVICE,Lille,29850.0,0.5342281879194631,0
39,Marche de Wazemmes,50.627674,3.050173,8,19,Lille,EN SERVICE,Lille,4776.0,0.0854765100671141,0
41,Buisson,50.656487,3.088004,5,10,Lille,EN SERVICE,Lille,8654.0,0.15488143176733782,0
41,Buisson,50.656487,3.088004,5,10,Lille,EN SERVICE,Lille,1220.0,0.021834451901565997,0
42,Place Philippe Lebon,50.62789,3.06209,1,17,Lille,EN SERVICE,Lille,14065.0,0.25172259507829975,0
42,Place Philippe Lebon,50.62789,3.06209,1,17,Lille,EN SERVICE,Lille,4641.0,0.08306040268456376,0
43,Theatre Sebastopol,50.629044,3.058288,10,22,Lille,EN SERVICE,Lille,37689.0,0.6745234899328859,0
43,Theatre Sebastopol,50.629044,3.058288,10,22,Lille,EN SERVICE,Lille,6386.0,0.11429082774049217,0
44,Gambetta Utrecht,50.629063,3.053711,8,10,Lille,EN SERVICE,Lille,21614.0,0.38682774049217,0
44,Gambetta Utrecht,50.629063,3.053711,8,10,Lille,EN SERVICE,Lille,4130.0,0.07391498881431767,0
45,Brule Maison,50.62633,3.05659,5,13,Lille,EN SERVICE,Lille,20486.0,0.36663982102908277,0
45,Brule Maison,50.62633,3.05659,5,13,Lille,EN SERVICE,Lille,3347.0,0.05990156599552573,0
46,Artois,50.626279,3.061337,0,18,Lille,EN SERVICE,Lille,13918.0,0.2490917225950783,0
46,Artois,50.626279,3.061337,0,18,Lille,EN SERVICE,Lille,3026.0,0.05415659955257271,0
47,Boulevard Louis XIV,50.62816,3.069797,15,11,Lille,EN SERVICE,Lille,30678.0,0.5490469798657718,0
47,Boulevard Louis XIV,50.62816,3.069797,15,11,Lille,EN SERVICE,Lille,5164.0,0.09242058165548099,0
48,Porte de Douai,50.61843,3.07241,17,9,Lille,EN SERVICE,Lille,16692.0,0.29873825503355705,0
48,Porte de Douai,50.61843,3.07241,17,9,Lille,EN SERVICE,Lille,2838.0,0.050791946308724835,0
49,Place Deliot,50.61957,3.068387,13,11,Lille,EN SERVICE,Lille,15478.0,0.27701118568232663,0
49,Place Deliot,50.61957,3.068387,13,11,Lille,EN SERVICE,Lille,3588.0,0.06421476510067115,0
51,JB Lebas,50.62482,3.068689,2,38,Lille,EN SERVICE,Lille,44040.0,0.7881879194630872,0
51,JB Lebas,50.62482,3.068689,2,38,Lille,EN SERVICE,Lille,7571.0,0.13549888143176733,0
52,Place Colette Besson,50.62276,3.063799,5,17,Lille,EN SERVICE,Lille,19155.0,0.3428187919463087,0
52,Place Colette Besson,50.62276,3.063799,5,17,Lille,EN SERVICE,Lille,3745.0,0.06702460850111856,0
53,Porte des Postes,50.61856,3.049251,15,23,Lille,EN SERVICE,Lille,12198.0,0.21830872483221478,0
53,Porte des Postes,50.61856,3.049251,15,23,Lille,EN SERVICE,Lille,1751.0,0.03133780760626398,0
54,Metro Wazemmes,50.62338,3.051565,11,9,Lille,EN SERVICE,Lille,10541.0,0.1886532438478747,0
54,Metro Wazemmes,50.62338,3.051565,11,9,Lille,EN SERVICE,Lille,1813.0,0.03244742729306488,0
55,Porte d'Arras,50.617847,3.061758,14,10,Lille,EN SERVICE,Lille,13745.0,0.24599552572706934,0
55,Porte d'Arras,50.617847,3.061758,14,10,Lille,EN SERVICE,Lille,2509.0,0.04490380313199105,0
56,Bd Victor Hugo,50.620304,3.055471,1,17,Lille,EN SERVICE,Lille,15792.0,0.2826308724832215,0
56,Bd Victor Hugo,50.620304,3.055471,1,17,Lille,EN SERVICE,Lille,2654.0,0.04749888143176734,0
57,Barthelemy Delespaul,50.62418,3.058902,5,13,Lille,EN SERVICE,Lille,18439.0,0.33000447427293067,0
57,Barthelemy Delespaul,50.62418,3.058902,5,13,Lille,EN SERVICE,Lille,3302.0,0.059096196868008946,0
58,Porte de Valenciennes,50.62073,3.07895,18,2,Lille,EN SERVICE,Lille,12312.0,0.22034899328859062,0
58,Porte de Valenciennes,50.62073,3.07895,18,2,Lille,EN SERVICE,Lille,2019.0,0.03613422818791946,0
60,Trevise,50.621185,3.072363,0,20,Lille,EN SERVICE,Lille,20024.0,0.3583713646532439,0
60,Trevise,50.621185,3.072363,0,20,Lille,EN SERVICE,Lille,3344.0,0.05984787472035794,0
61,Lille Grand Palais,50.629246,3.075218,8,16,Lille,EN SERVICE,Lille,12886.0,0.23062192393736017,0
61,Lille Grand Palais,50.629246,3.075218,8,16,Lille,EN SERVICE,Lille,2263.0,0.040501118568232665,0
62,Zenith,50.632965,3.076437,17,12,Lille,EN SERVICE,Lille,8294.0,0.1484384787472036,0
62,Zenith,50.632965,3.076437,17,12,Lille,EN SERVICE,Lille,1717.0,0.03072930648769575,0
63,Hotel de Region,50.629738,3.078224,21,11,Lille,EN SERVICE,Lille,13989.0,0.2503624161073825,0
63,Hotel de Region,50.629738,3.078224,21,11,Lille,EN SERVICE,Lille,2322.0,0.04155704697986577,0
64,Mairie de Lille,50.6318,3.071392,11,9,Lille,EN SERVICE,Lille,13017.0,0.23296644295302013,0
64,Mairie de Lille,50.6318,3.071392,11,9,Lille,EN SERVICE,Lille,2305.0,0.041252796420581654,0
65,Place Tacq,50.621128,3.035483,5,13,Lille,EN SERVICE,Lille,10909.0,0.19523937360178972,0
65,Place Tacq,50.621128,3.035483,5,13,Lille,EN SERVICE,Lille,1885.0,0.03373601789709172,0
66,Delesalle Mediatheque,50.63237,3.066273,5,13,Lille,EN SERVICE,Lille,14624.0,0.2617270693512304,0
66,Delesalle Mediatheque,50.63237,3.066273,5,13,Lille,EN SERVICE,Lille,2616.0,0.046818791946308724,0
67,Montebello,50.621952,3.04534,8,16,Lille,EN SERVICE,Lille,16270.0,0.2911856823266219,0
67,Montebello,50.621952,3.04534,8,16,Lille,EN SERVICE,Lille,2718.0,0.048644295302013425,0
68,Nationale Rue du Port,50.630836,3.047778,13,11,Lille,EN SERVICE,Lille,32885.0,0.5885458612975392,0
68,Nationale Rue du Port,50.630836,3.047778,13,11,Lille,EN SERVICE,Lille,6676.0,0.11948098434004474,0
69,Chasseurs de Driant,50.61893,3.032539,17,5,Lille,EN SERVICE,Lille,7072.0,0.1265682326621924,0
69,Chasseurs de Driant,50.61893,3.032539,17,5,Lille,EN SERVICE,Lille,1281.0,0.022926174496644296,0
70,Cite Administrative,50.63424,3.073991,16,0,Lille,EN SERVICE,Lille,10132.0,0.18133333333333335,0
70,Cite Administrative,50.63424,3.073991,16,0,Lille,EN SERVICE,Lille,1798.0,0.03217897091722595,0
71,Bois Blancs,50.634045,3.030778,20,2,Lille,EN SERVICE,Lille,16911.0,0.3026577181208054,0
71,Bois Blancs,50.634045,3.030778,20,2,Lille,EN SERVICE,Lille,2881.0,0.05156152125279642,0
74,Faubourg de Roubaix,50.641238,3.083175,11,9,Lille,EN SERVICE,Lille,14022.0,0.2509530201342282,0
74,Faubourg de Roubaix,50.641238,3.083175,11,9,Lille,EN SERVICE,Lille,2414.0,0.04320357941834452,0
75,Eugene Jacquet,50.637337,3.084894,6,15,Lille,EN SERVICE,Lille,13008.0,0.2328053691275168,0
75,Eugene Jacquet,50.637337,3.084894,6,15,Lille,EN SERVICE,Lille,2123.0,0.03799552572706935,0
76,Fives,50.632996,3.089651,15,9,Lille,EN SERVICE,Lille,13838.0,0.2476599552572707,0
76,Fives,50.632996,3.089651,15,9,Lille,EN SERVICE,Lille,2151.0,0.038496644295302015,0
79,Cimetiere du Sud,50.61295,3.047268,6,14,Lille,EN SERVICE,Lille,5325.0,0.0953020134228188,0
79,Cimetiere du Sud,50.61295,3.047268,6,14,Lille,EN SERVICE,Lille,927.0,0.01659060402684564,0
80,Petit Maroc,50.61989,3.084357,18,11,Lille,EN SERVICE,Lille,11639.0,0.20830425055928412,0
80,Petit Maroc,50.61989,3.084357,18,11,Lille,EN SERVICE,Lille,1940.0,0.03472035794183445,0
81,Guinguette,50.63529,3.115088,10,0,Lille,EN SERVICE,Lille,2487.0,0.04451006711409396,0
81,Guinguette,50.63529,3.115088,10,0,Lille,EN SERVICE,Lille,492.0,0.008805369127516779,0
83,EuraTechnologies,50.63378,3.02059,22,2,Lille,EN SERVICE,Lille,13462.0,0.24093064876957496,0
83,EuraTechnologies,50.63378,3.02059,22,2,Lille,EN SERVICE,Lille,2128.0,0.038085011185682326,0
84,Mairie d'Hellemmes,50.627243,3.109266,20,4,Lille,DÉCONNECTÉ,Lille,8133.0,0.14555704697986577,0
84,Mairie d'Hellemmes,50.627243,3.109266,20,4,Lille,DÉCONNECTÉ,Lille,1267.0,0.022675615212527964,0
85,Chanzy,50.62504,3.1008,1,11,Lille,EN SERVICE,Lille,7528.0,0.13472930648769574,0
85,Chanzy,50.62504,3.1008,1,11,Lille,EN SERVICE,Lille,1259.0,0.022532438478747203,0
88,Rue Nationale,50.635082,3.058015,17,13,Lille,EN SERVICE,Lille,35504.0,0.6354183445190157,0
88,Rue Nationale,50.635082,3.058015,17,13,Lille,EN SERVICE,Lille,6084.0,0.10888590604026846,0
90,Louviere,50.64569,3.085823,0,20,Lille,EN SERVICE,Lille,8771.0,0.15697539149888143,0
90,Louviere,50.64569,3.085823,0,20,Lille,EN SERVICE,Lille,1413.0,0.025288590604026846,0
91,Square des Meres,50.63417,3.095958,14,11,Lille,EN SERVICE,Lille,7419.0,0.13277852348993288,0
91,Square des Meres,50.63417,3.095958,14,11,Lille,EN SERVICE,Lille,1230.0,0.022013422818791945,0
93,Stade Ballet,50.628918,3.088147,11,7,Lille,EN SERVICE,Lille,9229.0,0.16517225950783,0
93,Stade Ballet,50.628918,3.088147,11,7,Lille,EN SERVICE,Lille,1494.0,0.02673825503355705,0
94,Marx Dormoy,50.63579,3.033977,7,17,Lille,EN SERVICE,Lille,14329.0,0.25644742729306486,0
94,Marx Dormoy,50.63579,3.033977,7,17,Lille,EN SERVICE,Lille,2679.0,0.047946308724832215,0
95,Marbrerie,50.63041,3.097037,14,4,Lille,EN SERVICE,Lille,12765.0,0.22845637583892617,0
95,Marbrerie,50.63041,3.097037,14,4,Lille,EN SERVICE,Lille,1814.0,0.03246532438478747,0
96,Romarin,50.64543,3.075116,12,8,La Madeleine,EN SERVICE,Lille,20589.0,0.3684832214765101,0
96,Romarin,50.64543,3.075116,12,8,La Madeleine,EN SERVICE,Lille,3772.0,0.06750782997762864,0
97,La Madeleine Gare,50.65937,3.074057,5,12,La Madeleine,EN SERVICE,Lille,6016.0,0.10766890380313199,0
97,La Madeleine Gare,50.65937,3.074057,5,12,La Madeleine,EN SERVICE,Lille,868.0,0.015534675615212528,0
98,Place du Marche,50.6549,3.068756,14,10,La Madeleine,EN SERVICE,Lille,5329.0,0.09537360178970918,0
98,Place du Marche,50.6549,3.068756,14,10,La Madeleine,EN SERVICE,Lille,1104.0,0.019758389261744967,0
99,La Madeleine Mairie,50.654602,3.073805,12,12,La Madeleine,EN SERVICE,Lille,9589.0,0.17161521252796422,0
99,La Madeleine Mairie,50.654602,3.073805,12,12,La Madeleine,EN SERVICE,Lille,1500.0,0.026845637583892617,0
100,Saint Maur,50.651638,3.081625,0,24,La Madeleine,EN SERVICE,Lille,14665.0,0.2624608501118568,0
100,Saint Maur,50.651638,3.081625,0,24,La Madeleine,EN SERVICE,Lille,2516.0,0.04502908277404922,0
101,Mons Sarts,50.6423,3.099291,16,8,Mons-en-Barœul,EN SERVICE,Lille,5172.0,0.09256375838926174,0
101,Mons Sarts,50.6423,3.099291,16,8,Mons-en-Barœul,EN SERVICE,Lille,864.0,0.015463087248322148,0
102,Mairie de Mons,50.64218,3.109699,13,3,Mons-en-Barœul,EN SERVICE,Lille,4272.0,0.07645637583892617,0
102,Mairie de Mons,50.64218,3.109699,13,3,Mons-en-Barœul,EN SERVICE,Lille,641.0,0.011472035794183445,0
103,Lacordaire,50.639828,3.106677,1,15,Mons-en-Barœul,EN SERVICE,Lille,1837.0,0.03287695749440716,0
103,Lacordaire,50.639828,3.106677,1,15,Mons-en-Barœul,EN SERVICE,Lille,179.0,0.003203579418344519,0
104,Mendes France,50.64584,3.112744,8,10,Mons-en-Barœul,EN SERVICE,Lille,1218.0,0.021798657718120805,0
104,Mendes France,50.64584,3.112744,8,10,Mons-en-Barœul,EN SERVICE,Lille,203.0,0.003633109619686801,0
107,Lavoisier,50.636105,3.106438,1,11,Mons-en-Barœul,EN SERVICE,Lille,3719.0,0.0665592841163311,0
107,Lavoisier,50.636105,3.106438,1,11,Mons-en-Barœul,EN SERVICE,Lille,567.0,0.01014765100671141,0
108,General de Gaulle,50.645267,3.100516,2,18,Mons-en-Barœul,EN SERVICE,Lille,3638.0,0.0651096196868009,0
108,General de Gaulle,50.645267,3.100516,2,18,Mons-en-Barœul,EN SERVICE,Lille,603.0,0.010791946308724832,0
110,Rue Bonte-Pollet,50.62487,3.034234,0,16,Lille,EN SERVICE,Lille,18418.0,0.3296286353467561,0
110,Rue Bonte-Pollet,50.62487,3.034234,0,16,Lille,EN SERVICE,Lille,3541.0,0.06337360178970917,0
111,Hellemmes Cimetiere,50.62486,3.116677,11,1,Lille,EN SERVICE,Lille,2654.0,0.04749888143176734,0
111,Hellemmes Cimetiere,50.62486,3.116677,11,1,Lille,EN SERVICE,Lille,460.0,0.008232662192393736,0
113,Avenue de Mormal,50.651337,3.08945,1,17,Lille,EN SERVICE,Lille,9664.0,0.17295749440715882,0
113,Avenue de Mormal,50.651337,3.08945,1,17,Lille,EN SERVICE,Lille,1398.0,0.02502013422818792,0
115,De Gaulle,50.651497,3.072316,4,14,La Madeleine,EN SERVICE,Lille,11092.0,0.1985145413870246,0
115,De Gaulle,50.651497,3.072316,4,14,La Madeleine,EN SERVICE,Lille,1517.0,0.027149888143176735,0
116,Botanique,50.64891,3.078336,9,7,La Madeleine,EN SERVICE,Lille,12799.0,0.22906487695749442,0
116,Botanique,50.64891,3.078336,9,7,La Madeleine,EN SERVICE,Lille,2239.0,0.04007158836689038,0
117,Hippodrome,50.641617,3.031375,3,18,Lambersart,EN SERVICE,Lille,10747.0,0.1923400447427293,0
117,Hippodrome,50.641617,3.031375,3,18,Lambersart,EN SERVICE,Lille,1816.0,0.032501118568232665,0
119,Lomme-Lambersart,50.640957,3.018803,12,6,Lambersart,EN SERVICE,Lille,8341.0,0.14927964205816555,0
119,Lomme-Lambersart,50.640957,3.018803,12,6,Lambersart,EN SERVICE,Lille,1297.0,0.023212527964205816,0
120,Lomme Mairie,50.63899,3.01154,12,6,Lille,EN SERVICE,Lille,2289.0,0.040966442953020134,0
120,Lomme Mairie,50.63899,3.01154,12,6,Lille,EN SERVICE,Lille,231.0,0.004134228187919463,0
121,Pont superieur,50.644855,3.013238,11,5,Lille,EN SERVICE,Lille,5233.0,0.09365548098434004,0
121,Pont superieur,50.644855,3.013238,11,5,Lille,EN SERVICE,Lille,591.0,0.010577181208053692,0
122,Piscine de Marcq,50.666033,3.087591,7,9,Marcq-en-Barœul,EN SERVICE,Lille,2104.0,0.037655480984340045,0
122,Piscine de Marcq,50.666033,3.087591,7,9,Marcq-en-Barœul,EN SERVICE,Lille,305.0,0.005458612975391499,0
123,Rue de l'Eglise,50.665348,3.075792,7,10,Marcq-en-Barœul,EN SERVICE,Lille,5733.0,0.10260402684563759,0
123,Rue de l'Eglise,50.665348,3.075792,7,10,Marcq-en-Barœul,EN SERVICE,Lille,808.0,0.014460850111856823,0
124,Clemenceau Hippodrome,50.6618,3.096235,14,4,Marcq-en-Barœul,EN SERVICE,Lille,6403.0,0.11459507829977629,0
124,Clemenceau Hippodrome,50.6618,3.096235,14,4,Marcq-en-Barœul,EN SERVICE,Lille,1004.0,0.017968680089485458,0
125,Fort de Mons,50.64208,3.119232,3,17,Marcq-en-Barœul,EN SERVICE,Lille,1488.0,0.026630872483221477,0
125,Fort de Mons,50.64208,3.119232,3,17,Marcq-en-Barœul,EN SERVICE,Lille,481.0,0.008608501118568233,0
130,Pont de Bois,50.62435,3.1283,7,23,Villeneuve-d'Ascq,EN SERVICE,Lille,5336.0,0.09549888143176734,0
130,Pont de Bois,50.62435,3.1283,7,23,Villeneuve-d'Ascq,EN SERVICE,Lille,963.0,0.01723489932885906,0
131,V.Ascq Hotel de Ville,50.619602,3.13197,10,15,Villeneuve-d'Ascq,EN SERVICE,Lille,343.0,0.006138702460850112,0
131,V.Ascq Hotel de Ville,50.619602,3.13197,10,15,Villeneuve-d'Ascq,EN SERVICE,Lille,190.0,0.0034004474272930647,0
132,Centre Commercial V2,50.61606,3.132006,7,12,Villeneuve-d'Ascq,EN SERVICE,Lille,1414.0,0.02530648769574944,0
132,Centre Commercial V2,50.61606,3.132006,7,12,Villeneuve-d'Ascq,EN SERVICE,Lille,166.0,0.002970917225950783,0
133,Boulevard de Valmy,50.61915,3.126501,9,9,Villeneuve-d'Ascq,EN SERVICE,Lille,1391.0,0.024894854586129753,0
133,Boulevard de Valmy,50.61915,3.126501,9,9,Villeneuve-d'Ascq,EN SERVICE,Lille,185.0,0.0033109619686800896,0
135,Flers Masquelier,50.63745,3.123145,13,11,Villeneuve-d'Ascq,EN SERVICE,Lille,2170.0,0.03883668903803132,0
135,Flers Masquelier,50.63745,3.123145,13,11,Villeneuve-d'Ascq,EN SERVICE,Lille,277.0,0.004957494407158837,0
137,Heron Parc,50.615868,3.126089,8,22,Villeneuve-d'Ascq,EN SERVICE,Lille,2263.0,0.040501118568232665,0
137,Heron Parc,50.615868,3.126089,8,22,Villeneuve-d'Ascq,EN SERVICE,Lille,283.0,0.005064876957494407,0
138,Ladriere,50.631298,3.126914,10,9,Villeneuve-d'Ascq,EN SERVICE,Lille,2142.0,0.03833557046979866,0
138,Ladriere,50.631298,3.126914,10,9,Villeneuve-d'Ascq,EN SERVICE,Lille,384.0,0.00687248322147651,0
139,Rue de Lille,50.62577,3.144714,16,0,Villeneuve-d'Ascq,EN SERVICE,Lille,1597.0,0.02858165548098434,0
139,Rue de Lille,50.62577,3.144714,16,0,Villeneuve-d'Ascq,EN SERVICE,Lille,175.0,0.003131991051454139,0
141,Metro Triolo,50.61682,3.140808,20,4,Villeneuve-d'Ascq,EN SERVICE,Lille,2255.0,0.040357941834451905,0
141,Metro Triolo,50.61682,3.140808,20,4,Villeneuve-d'Ascq,EN SERVICE,Lille,330.0,0.005906040268456376,0
142,Tremiere,50.6206,3.138207,7,13,Villeneuve-d'Ascq,EN SERVICE,Lille,1572.0,0.028134228187919462,0
142,Tremiere,50.6206,3.138207,7,13,Villeneuve-d'Ascq,EN SERVICE,Lille,215.0,0.003847874720357942,0
144,Annappes Republique,50.6258,3.14862,16,8,Villeneuve-d'Ascq,EN SERVICE,Lille,1629.0,0.02915436241610738,0
144,Annappes Republique,50.6258,3.14862,16,8,Villeneuve-d'Ascq,EN SERVICE,Lille,180.0,0.003221476510067114,0
146,Solferino Nationale,50.63268,3.052483,0,19,Lille,EN SERVICE,Lille,27428.0,0.4908814317673378,0
146,Solferino Nationale,50.63268,3.052483,0,19,Lille,EN SERVICE,Lille,5585.0,0.09995525727069351,0
147,Faubourg d'Arras,50.614052,3.062195,8,8,Lille,EN SERVICE,Lille,8013.0,0.14340939597315436,0
147,Faubourg d'Arras,50.614052,3.062195,8,8,Lille,EN SERVICE,Lille,1401.0,0.025073825503355705,0
148,P.I. de Douai,50.612194,3.074952,13,7,Lille,EN SERVICE,Lille,14672.0,0.262586129753915,0
148,P.I. de Douai,50.612194,3.074952,13,7,Lille,EN SERVICE,Lille,2609.0,0.04669351230425056,0
149,Jean Jaures,50.609592,3.075483,0,17,Ronchin,EN SERVICE,Lille,6063.0,0.10851006711409396,0
149,Jean Jaures,50.609592,3.075483,0,17,Ronchin,EN SERVICE,Lille,995.0,0.017807606263982104,0
150,Ronchin Mairie,50.60548,3.077622,9,15,Ronchin,EN SERVICE,Lille,5385.0,0.0963758389261745,0
150,Ronchin Mairie,50.60548,3.077622,9,15,Ronchin,EN SERVICE,Lille,851.0,0.015230425055928412,0
152,Chemin rouge,50.610582,3.065103,4,12,Faches-Thumesnil,EN SERVICE,Lille,5450.0,0.09753914988814318,0
152,Chemin rouge,50.610582,3.065103,4,12,Faches-Thumesnil,EN SERVICE,Lille,988.0,0.017682326621923938,0
153,Pompidou,50.65547,3.064989,1,23,La Madeleine,EN SERVICE,Lille,7139.0,0.12776733780760627,0
153,Pompidou,50.65547,3.064989,1,23,La Madeleine,EN SERVICE,Lille,1124.0,0.020116331096196868,0
154,Chaufferie,50.65532,3.060615,2,14,La Madeleine,EN SERVICE,Lille,10408.0,0.18627293064876957,0
154,Chaufferie,50.65532,3.060615,2,14,La Madeleine,EN SERVICE,Lille,1658.0,0.02967337807606264,0
155,Bailly,50.655098,3.051201,4,11,Saint-André-lez-Lille,EN SERVICE,Lille,7386.0,0.13218791946308725,0
155,Bailly,50.655098,3.051201,4,11,Saint-André-lez-Lille,EN SERVICE,Lille,1268.0,0.022693512304250558,0
156,St Andre Mairie,50.661602,3.050322,15,9,Saint-André-lez-Lille,EN SERVICE,Lille,3544.0,0.06342729306487696,0
156,St Andre Mairie,50.661602,3.050322,15,9,Saint-André-lez-Lille,EN SERVICE,Lille,447.0,0.008,0
157,Canon d'Or,50.64989,3.042045,10,6,Lambersart,EN SERVICE,Lille,10831.0,0.1938434004474273,0
157,Canon d'Or,50.64989,3.042045,10,6,Lambersart,EN SERVICE,Lille,1743.0,0.031194630872483222,0
158,Delecaux,50.644943,3.036932,5,15,Lambersart,EN SERVICE,Lille,13750.0,0.24608501118568232,0
158,Delecaux,50.644943,3.036932,5,15,Lambersart,EN SERVICE,Lille,2081.0,0.037243847874720355,0
159,Euralille,50.637726,3.071892,16,24,Lille,EN SERVICE,Lille,45445.0,0.8133333333333334,0
159,Euralille,50.637726,3.071892,16,24,Lille,EN SERVICE,Lille,7089.0,0.1268724832214765,0
160,Parvis Rotterdam,50.637709,3.077478,14,6,Lille,EN SERVICE,Lille,15073.0,0.2697628635346756,0
160,Parvis Rotterdam,50.637709,3.077478,14,6,Lille,EN SERVICE,Lille,2598.0,0.046496644295302016,0
163,Jeanne d'Arc,50.625597,3.064497,0,20,Lille,EN SERVICE,Lille,29317.0,0.5246890380313199,0
163,Jeanne d'Arc,50.625597,3.064497,0,20,Lille,EN SERVICE,Lille,5168.0,0.09249217002237137,0
164,Hopital Militaire,50.63393,3.061687,9,7,Lille,EN SERVICE,Lille,15714.0,0.28123489932885903,0
164,Hopital Militaire,50.63393,3.061687,9,7,Lille,EN SERVICE,Lille,2480.0,0.044384787472035794,0
165,Jean Sans Peur,50.632423,3.05831,1,13,Lille,EN SERVICE,Lille,12510.0,0.22389261744966443,0
165,Jean Sans Peur,50.632423,3.05831,1,13,Lille,EN SERVICE,Lille,2024.0,0.036223713646532436,0
166,Campus St Raphael,50.63084,3.04483,8,8,Lille,EN SERVICE,Lille,19616.0,0.35106935123042504,0
166,Campus St Raphael,50.63084,3.04483,8,8,Lille,EN SERVICE,Lille,3592.0,0.06428635346756152,0
168,Rives de la Haute Deule,50.630596,3.023001,11,3,Lille,EN SERVICE,Lille,8050.0,0.14407158836689038,0
168,Rives de la Haute Deule,50.630596,3.023001,11,3,Lille,EN SERVICE,Lille,1341.0,0.024,0
169,Jemmapes,50.644685,3.057953,5,17,Lille,EN SERVICE,Lille,13956.0,0.24977181208053692,0
169,Jemmapes,50.644685,3.057953,5,17,Lille,EN SERVICE,Lille,2496.0,0.044671140939597315,0
170,Gantois,50.62195,3.06038,2,10,Lille,EN SERVICE,Lille,15778.0,0.28238031319910517,0
170,Gantois,50.62195,3.06038,2,10,Lille,EN SERVICE,Lille,2729.0,0.04884116331096197,0
171,Auberge de jeunesse,50.62479,3.080467,15,1,Lille,EN SERVICE,Lille,10413.0,0.18636241610738255,0
171,Auberge de jeunesse,50.62479,3.080467,15,1,Lille,EN SERVICE,Lille,1850.0,0.033109619686800894,0
172,Place de la Garonne,50.612635,3.059261,10,2,Lille,EN SERVICE,Lille,4599.0,0.08230872483221477,0
172,Place de la Garonne,50.612635,3.059261,10,2,Lille,EN SERVICE,Lille,598.0,0.010702460850111856,0
173,CHU - Centre Oscar Lambret,50.61352,3.03677,20,0,Lille,EN SERVICE,Lille,8810.0,0.15767337807606263,0
173,CHU - Centre Oscar Lambret,50.61352,3.03677,20,0,Lille,EN SERVICE,Lille,1619.0,0.028975391498881432,0
175,Recherche,50.60301,3.038779,16,0,Loos,EN SERVICE,Lille,3907.0,0.06992393736017898,0
175,Recherche,50.60301,3.038779,16,0,Loos,EN SERVICE,Lille,716.0,0.012814317673378076,0
176,Faculté de médecine,50.604499,3.031421,14,2,Loos,EN SERVICE,Lille,4668.0,0.08354362416107383,0
176,Faculté de médecine,50.604499,3.031421,14,2,Loos,EN SERVICE,Lille,908.0,0.016250559284116332,0
178,La Fileuse,50.615164,3.018471,5,13,Loos,EN SERVICE,Lille,4687.0,0.08388366890380314,0
178,La Fileuse,50.615164,3.018471,5,13,Loos,EN SERVICE,Lille,810.0,0.014496644295302013,0
179,Bourse du Travail,50.626052,3.090898,1,19,Lille,EN SERVICE,Lille,10001.0,0.17898881431767338,0
179,Bourse du Travail,50.626052,3.090898,1,19,Lille,EN SERVICE,Lille,1794.0,0.03210738255033557,0
180,Square Jean Monnet,50.652107,3.029324,7,8,Lambersart,EN SERVICE,Lille,3531.0,0.06319463087248323,0
180,Square Jean Monnet,50.652107,3.029324,7,8,Lambersart,EN SERVICE,Lille,704.0,0.012599552572706936,0
181,Marie Marrant,50.64872,3.06988,9,15,La Madeleine,EN SERVICE,Lille,0.0,0.0,0
182,Becquart,50.649644,3.03812,0,12,Lambersart,EN SERVICE,Lille,6875.0,0.12304250559284116,0
182,Becquart,50.649644,3.03812,0,12,Lambersart,EN SERVICE,Lille,1128.0,0.020187919463087248,0
183,Place de la boucherie,50.658048,3.063774,2,18,La Madeleine,EN SERVICE,Lille,4256.0,0.07617002237136465,0
183,Place de la boucherie,50.658048,3.063774,2,18,La Madeleine,EN SERVICE,Lille,648.0,0.011597315436241611,0
184,Rue du Parc,50.651107,3.0678,1,11,La Madeleine,EN SERVICE,Lille,9440.0,0.16894854586129754,0
184,Rue du Parc,50.651107,3.0678,1,11,La Madeleine,EN SERVICE,Lille,1554.0,0.027812080536912753,0
185,Sainte Hélène,50.65722,3.056147,3,9,Saint-André-lez-Lille,EN SERVICE,Lille,4827.0,0.08638926174496644,0
185,Sainte Hélène,50.65722,3.056147,3,9,Saint-André-lez-Lille,EN SERVICE,Lille,741.0,0.013261744966442952,0
186,Marcq Mairie,50.672455,3.092388,7,5,Marcq-en-Barœul,EN SERVICE,Lille,1701.0,0.03044295302013423,0
186,Marcq Mairie,50.672455,3.092388,7,5,Marcq-en-Barœul,EN SERVICE,Lille,251.0,0.0044921700223713645,0
187,Cité Marianne,50.61843,3.05078,6,6,Lille,EN SERVICE,Lille,0.0,0.0,0
188,Louis Braille,50.637103,3.097538,3,9,Mons-en-Barœul,EN SERVICE,Lille,6413.0,0.11477404921700224,0
188,Louis Braille,50.637103,3.097538,3,9,Mons-en-Barœul,EN SERVICE,Lille,930.0,0.01664429530201342,0
189,Haut de Mons,50.646432,3.106626,3,13,Marcq-en-Barœul,EN SERVICE,Lille,1303.0,0.023319910514541388,0
189,Haut de Mons,50.646432,3.106626,3,13,Marcq-en-Barœul,EN SERVICE,Lille,98.0,0.0017539149888143176,0
190,Quai 22,50.662941,3.057167,0,1,Saint-André-lez-Lille,IN_MAINTENANCE,Lille,1417.0,0.025360178970917226,0
190,Quai 22,50.662941,3.057167,0,1,Saint-André-lez-Lille,IN_MAINTENANCE,Lille,334.0,0.0059776286353467566,0
191,Ferme d'en haut,50.638838,3.131773,11,7,Villeneuve-d'Ascq,EN SERVICE,Lille,1043.0,0.018666666666666668,0
191,Ferme d'en haut,50.638838,3.131773,11,7,Villeneuve-d'Ascq,EN SERVICE,Lille,164.0,0.0029351230425055928,0
192,Le Stadium,50.631285,3.135038,6,8,Villeneuve-d'Ascq,EN SERVICE,Lille,1073.0,0.01920357941834452,0
192,Le Stadium,50.631285,3.135038,6,8,Villeneuve-d'Ascq,EN SERVICE,Lille,183.0,0.0032751677852348995,0
193,Bel Air,50.658146,3.042003,6,14,Saint-André-lez-Lille,EN SERVICE,Lille,4654.0,0.08329306487695749,0
193,Bel Air,50.658146,3.042003,6,14,Saint-André-lez-Lille,EN SERVICE,Lille,792.0,0.014174496644295303,0
194,Lommelet,50.665968,3.049462,8,12,Saint-André-lez-Lille,EN SERVICE,Lille,1882.0,0.033682326621923935,0
194,Lommelet,50.665968,3.049462,8,12,Saint-André-lez-Lille,EN SERVICE,Lille,279.0,0.004993288590604027,0
195,Tisserand,50.631135,3.008346,12,8,Lille,EN SERVICE,Lille,2738.0,0.04900223713646532,0
195,Tisserand,50.631135,3.008346,12,8,Lille,EN SERVICE,Lille,362.0,0.006478747203579418,0
196,Anatole France,50.636003,3.009396,10,7,Lille,EN SERVICE,Lille,3749.0,0.06709619686800895,0
196,Anatole France,50.636003,3.009396,10,7,Lille,EN SERVICE,Lille,531.0,0.009503355704697987,0
197,Notebart,50.630678,3.013423,5,15,Lille,EN SERVICE,Lille,5075.0,0.09082774049217002,0
197,Notebart,50.630678,3.013423,5,15,Lille,EN SERVICE,Lille,875.0,0.015659955257270694,0
198,Loos Clemenceau,50.614392,3.010842,11,9,Loos,EN SERVICE,Lille,3594.0,0.06432214765100672,0
198,Loos Clemenceau,50.614392,3.010842,11,9,Loos,EN SERVICE,Lille,619.0,0.011078299776286353,0
199,Georges Potié,50.612899,3.003575,20,0,Loos,EN SERVICE,Lille,831.0,0.01487248322147651,0
199,Georges Potié,50.612899,3.003575,20,0,Loos,EN SERVICE,Lille,106.0,0.0018970917225950782,0
200,Mairie de Croix,50.679123,3.155906,8,16,Croix,EN SERVICE,Lille,5859.0,0.10485906040268457,1
200,Mairie de Croix,50.679123,3.155906,8,16,Croix,EN SERVICE,Lille,889.0,0.015910514541387026,1
201,Edhec,50.673699,3.163373,6,24,Croix,EN SERVICE,Lille,3782.0,0.06768680089485458,1
201,Edhec,50.673699,3.163373,6,24,Croix,EN SERVICE,Lille,1178.0,0.021082774049217,1
203,Victor Provo,50.68079,3.167454,5,11,Roubaix,EN SERVICE,Lille,1245.0,0.02228187919463087,1
203,Victor Provo,50.68079,3.167454,5,11,Roubaix,EN SERVICE,Lille,218.0,0.003901565995525727,1
204,Jean Moulin,50.684757,3.171974,5,10,Roubaix,EN SERVICE,Lille,426.0,0.007624161073825503,1
204,Jean Moulin,50.684757,3.171974,5,10,Roubaix,EN SERVICE,Lille,56.0,0.0010022371364653243,1
205,Condition Publique,50.691007,3.190299,11,7,Roubaix,EN SERVICE,Lille,931.0,0.01666219239373602,1
205,Condition Publique,50.691007,3.190299,11,7,Roubaix,EN SERVICE,Lille,204.0,0.003651006711409396,1
206,Alfred Mongy,50.688015,3.174815,9,7,Roubaix,EN SERVICE,Lille,748.0,0.013387024608501118,1
206,Alfred Mongy,50.688015,3.174815,9,7,Roubaix,EN SERVICE,Lille,131.0,0.0023445190156599553,1
207,Euroteleport,50.691323,3.17974,17,13,Roubaix,EN SERVICE,Lille,2595.0,0.04644295302013423,1
207,Euroteleport,50.691323,3.17974,17,13,Roubaix,EN SERVICE,Lille,546.0,0.009771812080536913,1
208,De Fourmies,50.67544,3.181998,3,9,Roubaix,EN SERVICE,Lille,529.0,0.009467561521252797,1
208,De Fourmies,50.67544,3.181998,3,9,Roubaix,EN SERVICE,Lille,96.0,0.0017181208053691276,1
209,Usine,50.674995,3.195737,11,9,Roubaix,EN SERVICE,Lille,402.0,0.0071946308724832216,1
209,Usine,50.674995,3.195737,11,9,Roubaix,EN SERVICE,Lille,50.0,0.0008948545861297539,1
210,Linne,50.676884,3.187817,4,2,Roubaix,EN SERVICE,Lille,340.0,0.006085011185682327,1
210,Linne,50.676884,3.187817,4,2,Roubaix,EN SERVICE,Lille,42.0,0.0007516778523489933,1
211,Gustave Delory,50.674164,3.174519,0,18,Roubaix,IN_MAINTENANCE,Lille,1710.0,0.030604026845637584,1
211,Gustave Delory,50.674164,3.174519,0,18,Roubaix,IN_MAINTENANCE,Lille,135.0,0.0024161073825503354,1
212,Danielle Lesaffre,50.682053,3.182205,4,6,Roubaix,EN SERVICE,Lille,376.0,0.006729306487695749,1
212,Danielle Lesaffre,50.682053,3.182205,4,6,Roubaix,EN SERVICE,Lille,86.0,0.0015391498881431767,1
213,Lannoy,50.68859,3.182028,10,8,Roubaix,EN SERVICE,Lille,815.0,0.01458612975391499,1
213,Lannoy,50.68859,3.182028,10,8,Roubaix,EN SERVICE,Lille,139.0,0.002487695749440716,1
214,Saint Jean-Baptiste,50.679472,3.179333,4,8,Roubaix,EN SERVICE,Lille,825.0,0.01476510067114094,1
214,Saint Jean-Baptiste,50.679472,3.179333,4,8,Roubaix,EN SERVICE,Lille,142.0,0.002541387024608501,1
216,Fraternite,50.681779,3.194129,7,9,Roubaix,EN SERVICE,Lille,575.0,0.01029082774049217,1
216,Fraternite,50.681779,3.194129,7,9,Roubaix,EN SERVICE,Lille,135.0,0.0024161073825503354,1
217,Hopital Victor Provo,50.67869,3.172558,3,13,Roubaix,EN SERVICE,Lille,1043.0,0.018666666666666668,1
217,Hopital Victor Provo,50.67869,3.172558,3,13,Roubaix,EN SERVICE,Lille,246.0,0.004402684563758389,1
219,Gare Jean Lebas,50.695563,3.164242,2,15,Roubaix,EN SERVICE,Lille,985.0,0.01762863534675615,1
219,Gare Jean Lebas,50.695563,3.164242,2,15,Roubaix,EN SERVICE,Lille,208.0,0.0037225950782997764,1
220,Musee Art et Industrie,50.693768,3.167666,4,10,Roubaix,EN SERVICE,Lille,792.0,0.014174496644295303,1
220,Musee Art et Industrie,50.693768,3.167666,4,10,Roubaix,EN SERVICE,Lille,137.0,0.002451901565995526,1
221,Roubaix Mairie,50.69184,3.173925,12,18,Roubaix,EN SERVICE,Lille,1475.0,0.026398210290827742,1
221,Roubaix Mairie,50.69184,3.173925,12,18,Roubaix,EN SERVICE,Lille,185.0,0.0033109619686800896,1
223,Place Trichon,50.690335,3.169008,5,7,Roubaix,EN SERVICE,Lille,322.0,0.005762863534675615,1
223,Place Trichon,50.690335,3.169008,5,7,Roubaix,EN SERVICE,Lille,86.0,0.0015391498881431767,1
224,Centre Nautique,50.691406,3.162704,0,10,Roubaix,IN_MAINTENANCE,Lille,343.0,0.006138702460850112,1
225,Epeule Montesquieu,50.683987,3.16327,9,7,Roubaix,EN SERVICE,Lille,2115.0,0.03785234899328859,1
225,Epeule Montesquieu,50.683987,3.16327,9,7,Roubaix,EN SERVICE,Lille,424.0,0.007588366890380313,1
226,Charles de Gaulle,50.68645,3.170006,5,11,Roubaix,EN SERVICE,Lille,1009.0,0.018058165548098436,1
226,Charles de Gaulle,50.68645,3.170006,5,11,Roubaix,EN SERVICE,Lille,187.0,0.0033467561521252796,1
227,Bvrd Armentieres,50.699436,3.159658,3,5,Roubaix,EN SERVICE,Lille,514.0,0.009199105145413871,1
227,Bvrd Armentieres,50.699436,3.159658,3,5,Roubaix,EN SERVICE,Lille,87.0,0.0015570469798657717,1
229,Nations Unies,50.692368,3.185092,6,12,Roubaix,EN SERVICE,Lille,599.0,0.010720357941834452,1
229,Nations Unies,50.692368,3.185092,6,12,Roubaix,EN SERVICE,Lille,88.0,0.001574944071588367,1
230,De la Vigne,50.70076,3.18407,8,3,Roubaix,EN SERVICE,Lille,322.0,0.005762863534675615,1
230,De la Vigne,50.70076,3.18407,8,3,Roubaix,EN SERVICE,Lille,39.0,0.000697986577181208,1
232,Fosse aux Chenes,50.699734,3.174347,8,6,Roubaix,EN SERVICE,Lille,669.0,0.011973154362416107,1
232,Fosse aux Chenes,50.699734,3.174347,8,6,Roubaix,EN SERVICE,Lille,120.0,0.002147651006711409,1
234,Alsace,50.7004,3.161378,8,8,Roubaix,EN SERVICE,Lille,360.0,0.006442953020134228,1
234,Alsace,50.7004,3.161378,8,8,Roubaix,EN SERVICE,Lille,72.0,0.0012885906040268457,1
236,Chaptal,50.694714,3.192643,7,5,Roubaix,EN SERVICE,Lille,492.0,0.008805369127516779,1
236,Chaptal,50.694714,3.192643,7,5,Roubaix,EN SERVICE,Lille,80.0,0.0014317673378076063,1
237,Rue des Anges,50.719878,3.156464,2,4,Tourcoing,EN SERVICE,Lille,83.0,0.0014854586129753914,1
237,Rue des Anges,50.719878,3.156464,2,4,Tourcoing,EN SERVICE,Lille,18.0,0.00032214765100671143,1
238,Theatre Tourcoing,50.720747,3.152787,4,5,Tourcoing,EN SERVICE,Lille,274.0,0.004903803131991052,1
238,Theatre Tourcoing,50.720747,3.152787,4,5,Tourcoing,EN SERVICE,Lille,83.0,0.0014854586129753914,1
239,Bvrd de l Egalite,50.730289,3.167723,3,11,Tourcoing,EN SERVICE,Lille,318.0,0.0056912751677852345,1
239,Bvrd de l Egalite,50.730289,3.167723,3,11,Tourcoing,EN SERVICE,Lille,69.0,0.0012348993288590604,1
240,Poste,50.71922,3.163396,2,4,Tourcoing,EN SERVICE,Lille,120.0,0.002147651006711409,1
240,Poste,50.71922,3.163396,2,4,Tourcoing,EN SERVICE,Lille,18.0,0.00032214765100671143,1
241,Le Corbusier,50.722343,3.170847,3,15,Tourcoing,EN SERVICE,Lille,152.0,0.002720357941834452,1
241,Le Corbusier,50.722343,3.170847,3,15,Tourcoing,EN SERVICE,Lille,33.0,0.0005906040268456376,1
242,Tourcoing gare,50.716907,3.167436,3,15,Tourcoing,EN SERVICE,Lille,681.0,0.012187919463087248,1
242,Tourcoing gare,50.716907,3.167436,3,15,Tourcoing,EN SERVICE,Lille,108.0,0.0019328859060402685,1
243,Victoire,50.718204,3.15749,6,6,Tourcoing,EN SERVICE,Lille,391.0,0.0069977628635346754,1
243,Victoire,50.718204,3.15749,6,6,Tourcoing,EN SERVICE,Lille,88.0,0.001574944071588367,1
244,F Roosevelt,50.727453,3.166828,4,8,Tourcoing,EN SERVICE,Lille,193.0,0.00345413870246085,1
244,F Roosevelt,50.727453,3.166828,4,8,Tourcoing,EN SERVICE,Lille,49.0,0.0008769574944071588,1
245,Jardin Botanique,50.724581,3.166122,5,3,Tourcoing,EN SERVICE,Lille,134.0,0.0023982102908277404,1
245,Jardin Botanique,50.724581,3.166122,5,3,Tourcoing,EN SERVICE,Lille,74.0,0.0013243847874720358,1
246,Cavell,50.72271,3.163794,2,4,Tourcoing,EN SERVICE,Lille,209.0,0.0037404921700223714,1
246,Cavell,50.72271,3.163794,2,4,Tourcoing,EN SERVICE,Lille,40.0,0.0007158836689038032,1
247,Rouget de l Isle,50.73418,3.168172,6,9,Tourcoing,EN SERVICE,Lille,127.0,0.002272930648769575,1
247,Rouget de l Isle,50.73418,3.168172,6,9,Tourcoing,EN SERVICE,Lille,31.0,0.0005548098434004474,1
248,Rue Saint Blaise,50.728798,3.158835,2,4,Tourcoing,EN SERVICE,Lille,103.0,0.0018434004474272932,1
248,Rue Saint Blaise,50.728798,3.158835,2,4,Tourcoing,EN SERVICE,Lille,22.0,0.00039373601789709174,1
249,Rue de Menin,50.728798,3.154051,3,9,Tourcoing,EN SERVICE,Lille,224.0,0.004008948545861297,1
249,Rue de Menin,50.728798,3.154051,3,9,Tourcoing,EN SERVICE,Lille,29.0,0.0005190156599552573,1
250,Tourcoing Mairie,50.72389,3.160344,6,16,Tourcoing,EN SERVICE,Lille,274.0,0.004903803131991052,1
250,Tourcoing Mairie,50.72389,3.160344,6,16,Tourcoing,EN SERVICE,Lille,56.0,0.0010022371364653243,1
251,Colbert,50.72551,3.156554,3,15,Tourcoing,EN SERVICE,Lille,288.0,0.005154362416107383,1
251,Colbert,50.72551,3.156554,3,15,Tourcoing,EN SERVICE,Lille,51.0,0.000912751677852349,1
252,Rue des Poutrains,50.72263,3.150377,2,14,Tourcoing,EN SERVICE,Lille,238.0,0.004259507829977628,1
252,Rue des Poutrains,50.72263,3.150377,2,14,Tourcoing,EN SERVICE,Lille,17.0,0.00030425055928411636,1
253,Avenue Millet,50.72498,3.150884,5,7,Tourcoing,EN SERVICE,Lille,224.0,0.004008948545861297,1
253,Avenue Millet,50.72498,3.150884,5,7,Tourcoing,EN SERVICE,Lille,31.0,0.0005548098434004474,1
254,Sebastopol,50.71732,3.162455,5,13,Tourcoing,EN SERVICE,Lille,257.0,0.0045995525727069355,1
254,Sebastopol,50.71732,3.162455,5,13,Tourcoing,EN SERVICE,Lille,80.0,0.0014317673378076063,1
255,Rue de Roubaix,50.7134,3.165011,2,10,Tourcoing,EN SERVICE,Lille,196.0,0.0035078299776286352,1
255,Rue de Roubaix,50.7134,3.165011,2,10,Tourcoing,EN SERVICE,Lille,42.0,0.0007516778523489933,1
256,Pont de Neuville,50.73682,3.171231,4,8,Tourcoing,EN SERVICE,Lille,126.0,0.0022550335570469798,1
256,Pont de Neuville,50.73682,3.171231,4,8,Tourcoing,EN SERVICE,Lille,45.0,0.0008053691275167785,1
257,Charles Wattinne,50.714035,3.156974,6,10,Tourcoing,EN SERVICE,Lille,848.0,0.015176733780760626,1
257,Charles Wattinne,50.714035,3.156974,6,10,Tourcoing,EN SERVICE,Lille,146.0,0.0026129753914988815,1
258,Carliers,50.710735,3.159881,2,10,Tourcoing,EN SERVICE,Lille,328.0,0.0058702460850111856,1
258,Carliers,50.710735,3.159881,2,10,Tourcoing,EN SERVICE,Lille,88.0,0.001574944071588367,1
259,Mercure,50.704693,3.160515,1,17,Tourcoing,EN SERVICE,Lille,439.0,0.00785682326621924,1
259,Mercure,50.704693,3.160515,1,17,Tourcoing,EN SERVICE,Lille,56.0,0.0010022371364653243,1
260,Place Roussel,50.721308,3.158104,1,19,Tourcoing,EN SERVICE,Lille,637.0,0.011400447427293065,1
260,Place Roussel,50.721308,3.158104,1,19,Tourcoing,EN SERVICE,Lille,125.0,0.0022371364653243847,1
301,Saint Calixte,50.65281,3.02604,6,14,Lambersart,EN SERVICE,Lille,4038.0,0.07226845637583892,0
301,Saint Calixte,50.65281,3.02604,6,14,Lambersart,EN SERVICE,Lille,733.0,0.013118568232662192,0
302,Faches Thumesnil Mairie,50.603145,3.069127,2,18,Faches-Thumesnil,EN SERVICE,Lille,2138.0,0.038263982102908274,0
302,Faches Thumesnil Mairie,50.603145,3.069127,2,18,Faches-Thumesnil,EN SERVICE,Lille,295.0,0.005279642058165548,0
303,Résistance,50.60709,3.06558,8,12,Faches-Thumesnil,EN SERVICE,Lille,3047.0,0.054532438478747204,0
303,Résistance,50.60709,3.06558,8,12,Faches-Thumesnil,EN SERVICE,Lille,449.0,0.00803579418344519,0
304,Le Sart,50.66351,3.138682,6,14,Villeneuve-d'Ascq,EN SERVICE,Lille,2162.0,0.03869351230425056,1
304,Le Sart,50.66351,3.138682,6,14,Villeneuve-d'Ascq,EN SERVICE,Lille,392.0,0.0070156599552572705,1
305,La Maillerie,50.669719,3.143504,8,12,Villeneuve-d'Ascq,EN SERVICE,Lille,1120.0,0.020044742729306488,1
305,La Maillerie,50.669719,3.143504,8,12,Villeneuve-d'Ascq,EN SERVICE,Lille,250.0,0.0044742729306487695,1
306,Chatellenie,50.635929,3.135558,19,1,Villeneuve-d'Ascq,EN SERVICE,Lille,1497.0,0.02679194630872483,0
306,Chatellenie,50.635929,3.135558,19,1,Villeneuve-d'Ascq,EN SERVICE,Lille,268.0,0.004796420581655481,0
307,4 vents,50.612389,3.122953,8,12,Lezennes,EN SERVICE,Lille,1827.0,0.03269798657718121,0
307,4 vents,50.612389,3.122953,8,12,Lezennes,EN SERVICE,Lille,335.0,0.005995525727069352,0
308,Sadi carnot,50.611307,2.994654,7,13,Haubourdin,EN SERVICE,Lille,717.0,0.012832214765100672,0
308,Sadi carnot,50.611307,2.994654,7,13,Haubourdin,EN SERVICE,Lille,59.0,0.0010559284116331096,0
309,Haubourdin Mairie,50.610949,2.983879,12,12,Haubourdin,EN SERVICE,Lille,980.0,0.017539149888143177,0
309,Haubourdin Mairie,50.610949,2.983879,12,12,Haubourdin,EN SERVICE,Lille,119.0,0.002129753914988814,0
310,Marquette Mairie,50.676607,3.065308,9,11,Marquette-lez-Lille,EN SERVICE,Lille,1772.0,0.03171364653243848,0
310,Marquette Mairie,50.676607,3.065308,9,11,Marquette-lez-Lille,EN SERVICE,Lille,233.0,0.004170022371364653,0
311,Grands Moulins de Paris,50.671436,3.055025,13,7,Marquette-lez-Lille,EN SERVICE,Lille,2162.0,0.03869351230425056,0
311,Grands Moulins de Paris,50.671436,3.055025,13,7,Marquette-lez-Lille,EN SERVICE,Lille,323.0,0.0057807606263982104,0
312,Saint Roch,50.672503,3.069332,7,13,Marquette-lez-Lille,EN SERVICE,Lille,990.0,0.017718120805369126,0
312,Saint Roch,50.672503,3.069332,7,13,Marquette-lez-Lille,EN SERVICE,Lille,153.0,0.002738255033557047,0
313,Pont de l'Abbaye,50.666236,3.06415,17,3,Marquette-lez-Lille,EN SERVICE,Lille,3357.0,0.06008053691275168,0
313,Pont de l'Abbaye,50.666236,3.06415,17,3,Marquette-lez-Lille,EN SERVICE,Lille,546.0,0.009771812080536913,0
314,Robersart,50.68656,3.05332,12,4,Wambrechies,EN SERVICE,Lille,0.0,0.0,0
315,Petit Paradis,50.68245,3.05179,5,7,Wambrechies,EN SERVICE,Lille,0.0,0.0,0
319,Mitterie,50.64697,3.00768,12,4,Lomme,EN SERVICE,Lille,0.0,0.0,0
995,Station Provisoire 1,50.647019,3.057778,8,12,Lille,EN SERVICE,Lille,0.0,0.0,0
996,Station Mobile 1,50.615795,3.086178,0,20,Lille,HORS SERVICE,Lille,0.0,0.0,0
997,Station Mobile 2,50.614968,3.088049,0,20,Lille,HORS SERVICE,Lille,0.0,0.0,0
998,Station Mobile 3,50.616138,3.087023,0,20,Lille,HORS SERVICE,Lille,0.0,0.0,0
