latitude,longitude,elevation,utc_offset_seconds,timezone,timezone_abbreviation
43.62,3.8799996,58.0,0,GMT,GMT

time,weather_code (wmo code),temperature_2m_max (°C),temperature_2m_min (°C),apparent_temperature_max (°C),apparent_temperature_min (°C),sunrise (iso8601),sunset (iso8601),daylight_duration (s),sunshine_duration (s),uv_index_max (),uv_index_clear_sky_max (),rain_sum (mm),showers_sum (mm),snowfall_sum (cm),precipitation_sum (mm),precipitation_hours (h),precipitation_probability_max (%),wind_speed_10m_max (km/h),wind_gusts_10m_max (km/h),wind_direction_10m_dominant (°),shortwave_radiation_sum (MJ/m²),et0_fao_evapotranspiration (mm)
2024-01-01,3,13.1,6.4,9.5,4.1,2024-01-01T07:17,2024-01-01T16:17,32395.57,19471.53,1.90,2.05,0.00,0.00,0.00,0.00,0.0,NaN,21.1,43.2,293,5.85,1.33
2024-01-02,45,10.3,3.1,7.8,0.7,2024-01-02T07:17,2024-01-02T16:18,32445.40,3600.00,1.40,2.10,0.00,0.00,0.00,0.00,0.0,NaN,12.0,24.8,8,3.52,0.59
2024-01-03,45,15.1,5.3,13.3,3.4,2024-01-03T07:17,2024-01-03T16:19,32499.38,7868.31,1.55,2.10,0.00,0.00,0.00,0.00,0.0,NaN,10.4,23.8,268,4.59,0.87
2024-01-04,3,15.4,8.8,13.5,6.8,2024-01-04T07:17,2024-01-04T16:20,32557.41,26404.03,2.10,2.10,0.00,0.00,0.00,0.00,0.0,NaN,11.1,22.3,292,7.13,1.22
2024-01-05,61,12.1,8.7,10.5,5.9,2024-01-05T07:17,2024-01-05T16:21,32619.39,3094.27,0.75,1.95,1.10,0.00,0.00,1.10,3.0,NaN,14.3,28.8,357,2.24,0.64
2024-01-06,3,12.1,6.1,6.4,2.1,2024-01-06T07:17,2024-01-06T16:22,32685.21,30373.60,2.05,2.05,0.00,0.00,0.00,0.00,0.0,NaN,23.9,49.3,311,7.74,1.75
2024-01-07,3,9.3,5.9,2.6,-0.1,2024-01-07T07:17,2024-01-07T16:23,32754.78,18116.22,1.65,2.05,0.00,0.00,0.00,0.00,0.0,NaN,27.8,56.9,318,5.91,2.34
2024-01-08,3,9.0,0.4,3.4,-3.0,2024-01-08T07:17,2024-01-08T16:24,32827.99,29590.86,2.05,2.05,0.00,0.00,0.00,0.00,0.0,NaN,22.4,45.4,325,7.73,1.70
2024-01-09,3,7.0,-2.2,3.7,-5.8,2024-01-09T07:17,2024-01-09T16:25,32904.75,29960.49,2.10,2.15,0.00,0.00,0.00,0.00,0.0,NaN,4.5,9.0,321,7.85,0.80
2024-01-10,63,8.2,-1.2,5.9,-4.6,2024-01-10T07:16,2024-01-10T16:26,32984.95,0.00,0.95,2.00,34.20,0.10,0.00,34.20,15.0,NaN,15.8,33.1,31,1.54,0.39
2024-01-11,80,8.3,3.4,6.9,1.4,2024-01-11T07:16,2024-01-11T16:27,33068.49,0.00,0.30,2.05,10.30,0.00,0.00,10.30,18.0,NaN,15.2,31.3,18,2.22,0.45
2024-01-12,45,7.9,-0.6,5.8,-3.4,2024-01-12T07:16,2024-01-12T16:28,33155.27,28800.00,2.20,2.20,0.00,0.00,0.00,0.00,0.0,NaN,5.1,9.4,349,7.77,0.79
2024-01-13,45,8.5,-0.7,6.5,-3.6,2024-01-13T07:15,2024-01-13T16:29,33245.38,29523.19,2.25,2.25,0.00,0.00,0.00,0.00,0.0,NaN,4.7,9.7,347,7.63,0.78
2024-01-14,45,9.4,0.6,7.8,-2.1,2024-01-14T07:15,2024-01-14T16:31,33339.81,27900.00,2.05,2.25,0.00,0.00,0.00,0.00,0.0,NaN,3.9,7.6,343,7.00,0.76
2024-01-15,3,15.6,5.5,13.7,3.4,2024-01-15T07:15,2024-01-15T16:32,33438.57,26637.30,2.25,2.25,0.00,0.00,0.00,0.00,0.0,NaN,15.5,25.2,288,7.29,1.16
2024-01-16,61,9.8,4.6,8.2,2.4,2024-01-16T07:14,2024-01-16T16:33,33541.43,14400.00,2.00,2.30,0.10,0.00,0.00,0.10,1.0,NaN,7.0,14.8,60,5.55,0.71
2024-01-17,80,12.6,7.4,12.3,5.0,2024-01-17T07:13,2024-01-17T16:34,33648.21,851.61,1.90,2.25,3.60,0.00,0.00,3.60,6.0,NaN,14.9,31.0,17,2.64,0.49
2024-01-18,61,15.8,7.4,15.3,5.2,2024-01-18T07:13,2024-01-18T16:35,33758.70,27723.72,2.35,2.35,0.00,0.00,0.00,0.00,0.0,NaN,21.4,42.8,265,7.82,1.14
2024-01-19,3,8.6,1.8,4.3,-2.0,2024-01-19T07:12,2024-01-19T16:37,33872.70,23291.79,2.00,2.30,0.00,0.00,0.00,0.00,0.0,NaN,19.8,45.7,353,6.52,1.31
2024-01-20,3,8.0,-0.4,4.2,-3.8,2024-01-20T07:12,2024-01-20T16:38,33990.01,29461.36,2.40,2.40,0.00,0.00,0.00,0.00,0.0,NaN,19.0,38.9,13,8.79,1.36
2024-01-21,45,9.7,-1.6,6.9,-5.3,2024-01-21T07:11,2024-01-21T16:39,34110.44,27014.12,2.35,2.35,0.00,0.00,0.00,0.00,0.0,NaN,8.7,18.4,342,8.05,0.94
2024-01-22,45,11.4,0.7,9.4,-2.2,2024-01-22T07:10,2024-01-22T16:41,34233.80,21751.79,2.45,2.45,0.00,0.00,0.00,0.00,0.0,NaN,8.0,20.2,358,6.59,0.85
2024-01-23,3,16.5,6.0,13.3,3.9,2024-01-23T07:09,2024-01-23T16:42,34359.89,30385.41,2.45,2.50,0.00,0.00,0.00,0.00,0.0,NaN,13.8,29.2,300,8.52,1.53
2024-01-24,3,20.1,6.2,18.5,3.9,2024-01-24T07:08,2024-01-24T16:43,34488.55,31365.99,2.55,2.55,0.00,0.00,0.00,0.00,0.0,NaN,15.8,31.7,313,8.70,1.50
2024-01-25,0,18.0,5.1,16.8,2.8,2024-01-25T07:08,2024-01-25T16:45,34619.57,31649.72,2.65,2.65,0.00,0.00,0.00,0.00,0.0,NaN,6.1,11.9,315,8.97,1.22
2024-01-26,2,20.4,5.7,19.3,3.6,2024-01-26T07:07,2024-01-26T16:46,34752.79,31207.11,2.65,2.65,0.00,0.00,0.00,0.00,0.0,NaN,5.8,11.5,330,8.95,1.33
2024-01-27,3,16.9,5.9,15.0,3.7,2024-01-27T07:06,2024-01-27T16:47,34888.02,32568.05,2.60,2.65,0.00,0.00,0.00,0.00,0.0,NaN,6.1,14.0,3,8.67,1.27
2024-01-28,3,12.5,3.3,11.0,0.7,2024-01-28T07:05,2024-01-28T16:49,35025.09,2367.67,2.35,2.65,0.00,0.00,0.00,0.00,0.0,NaN,10.5,22.0,59,4.23,0.66
2024-01-29,3,13.1,9.4,11.4,8.5,2024-01-29T07:04,2024-01-29T16:50,35163.85,439.74,1.15,2.65,0.00,0.00,0.00,0.00,0.0,NaN,11.2,23.4,85,3.44,0.65
2024-01-30,3,13.4,7.7,12.0,6.5,2024-01-30T07:03,2024-01-30T16:51,35304.11,12107.86,2.45,2.75,0.00,0.00,0.00,0.00,0.0,NaN,8.7,18.4,75,5.64,0.84
2024-01-31,45,14.0,2.8,12.8,0.7,2024-01-31T07:02,2024-01-31T16:53,35445.71,29735.54,2.70,2.80,0.00,0.00,0.00,0.00,0.0,NaN,7.4,16.6,264,9.31,1.17
2024-02-01,45,17.0,4.5,14.0,2.2,2024-02-01T07:01,2024-02-01T16:54,35588.52,30847.47,2.15,2.75,0.00,0.00,0.00,0.00,0.0,NaN,20.0,40.7,308,8.54,1.62
2024-02-02,3,17.1,5.4,14.9,3.1,2024-02-02T07:00,2024-02-02T16:55,35732.61,35137.28,2.80,2.80,0.00,0.00,0.00,0.00,0.0,NaN,6.5,13.3,327,10.12,1.48
2024-02-03,1,17.4,3.9,15.6,1.5,2024-02-03T06:59,2024-02-03T16:57,35879.43,35285.65,2.85,2.90,0.00,0.00,0.00,0.00,0.0,NaN,6.1,13.7,317,10.13,1.42
2024-02-04,2,18.8,3.8,17.9,1.3,2024-02-04T06:58,2024-02-04T16:58,36029.07,35436.82,2.90,2.90,0.00,0.00,0.00,0.00,0.0,NaN,5.2,11.5,339,10.44,1.49
2024-02-05,3,16.3,3.2,14.5,0.5,2024-02-05T06:56,2024-02-05T16:59,36181.30,35590.59,3.00,3.00,0.00,0.00,0.00,0.00,0.0,NaN,7.0,15.5,327,10.60,1.47
2024-02-06,3,13.3,4.1,11.4,1.7,2024-02-06T06:55,2024-02-06T17:01,36335.95,25792.54,2.30,2.95,0.00,0.00,0.00,0.00,0.0,NaN,5.5,13.3,330,8.59,1.18
2024-02-07,45,17.6,2.9,14.4,0.4,2024-02-07T06:54,2024-02-07T17:02,36492.80,35209.00,3.05,3.05,0.00,0.00,0.00,0.00,0.0,NaN,12.7,28.1,289,10.89,1.73
2024-02-08,3,16.0,8.2,14.3,6.7,2024-02-08T06:53,2024-02-08T17:03,36651.67,30994.57,3.10,3.15,0.00,0.00,0.00,0.00,0.0,NaN,13.0,26.3,101,10.25,1.52
2024-02-09,61,13.8,10.8,12.0,9.4,2024-02-09T06:51,2024-02-09T17:05,36812.38,0.00,1.85,3.10,0.10,0.00,0.00,0.10,1.0,NaN,19.3,41.8,121,3.61,0.72
2024-02-10,80,13.8,8.5,11.2,4.9,2024-02-10T06:50,2024-02-10T17:06,36974.74,6848.38,3.05,3.05,14.70,0.60,0.00,15.30,10.0,NaN,28.4,58.7,258,4.15,1.32
2024-02-11,3,14.0,7.3,8.9,4.7,2024-02-11T06:49,2024-02-11T17:08,37138.58,34966.39,3.10,3.10,0.00,0.00,0.00,0.00,0.0,NaN,24.8,51.1,290,11.60,2.17
2024-02-12,80,11.5,3.2,9.6,0.7,2024-02-12T06:47,2024-02-12T17:09,37303.73,9741.93,1.90,3.15,1.10,0.00,0.00,1.10,3.0,NaN,7.8,15.1,293,5.21,0.80
2024-02-13,3,15.6,4.2,13.1,1.6,2024-02-13T06:46,2024-02-13T17:10,37470.01,36000.00,3.30,3.35,0.00,0.00,0.00,0.00,0.0,NaN,10.1,21.2,277,12.24,1.75
2024-02-14,45,16.3,3.7,14.2,1.4,2024-02-14T06:44,2024-02-14T17:12,37637.26,36000.00,3.45,3.45,0.00,0.00,0.00,0.00,0.0,NaN,8.0,17.6,338,11.78,1.68
2024-02-15,3,13.7,6.6,11.8,4.4,2024-02-15T06:43,2024-02-15T17:13,37805.32,2166.83,2.80,3.45,0.00,0.00,0.00,0.00,0.0,NaN,15.7,32.8,74,4.53,0.78
2024-02-16,45,17.2,9.6,16.0,8.8,2024-02-16T06:42,2024-02-16T17:14,37974.01,27430.28,2.50,3.35,0.00,0.00,0.00,0.00,0.0,NaN,9.4,21.6,293,9.59,1.51
2024-02-17,3,19.2,8.3,17.3,6.9,2024-02-17T06:40,2024-02-17T17:16,38143.20,36000.00,3.55,3.55,0.00,0.00,0.00,0.00,0.0,NaN,11.0,23.8,336,12.01,2.04
2024-02-18,3,18.4,5.4,16.6,3.4,2024-02-18T06:39,2024-02-18T17:17,38312.72,32400.00,3.40,3.75,0.00,0.00,0.00,0.00,0.0,NaN,10.9,21.2,299,11.82,1.95
2024-02-19,3,19.0,9.8,15.3,7.7,2024-02-19T06:37,2024-02-19T17:18,38482.43,36000.00,3.65,3.70,0.00,0.00,0.00,0.00,0.0,NaN,19.3,39.6,312,12.99,2.72
2024-02-20,3,17.6,6.3,12.9,4.1,2024-02-20T06:36,2024-02-20T17:20,38652.17,32400.00,3.45,3.70,0.00,0.00,0.00,0.00,0.0,NaN,19.2,39.6,345,12.20,2.55
2024-02-21,3,15.3,4.7,13.1,2.3,2024-02-21T06:34,2024-02-21T17:21,38821.80,23141.87,3.10,3.75,0.00,0.00,0.00,0.00,0.0,NaN,7.8,18.0,331,9.86,1.53
2024-02-22,80,14.2,9.2,12.6,6.4,2024-02-22T06:33,2024-02-22T17:22,38991.44,431.19,1.90,3.70,0.20,0.00,0.00,0.20,2.0,NaN,20.4,43.2,28,3.84,0.92
2024-02-23,3,12.9,5.8,7.9,3.3,2024-02-23T06:31,2024-02-23T17:24,39162.52,36000.00,2.90,3.60,0.00,0.00,0.00,0.00,0.0,NaN,22.7,48.2,285,13.27,2.24
2024-02-24,3,12.9,2.2,8.6,-0.4,2024-02-24T06:29,2024-02-24T17:25,39335.18,35941.00,3.30,3.60,0.00,0.00,0.00,0.00,0.0,NaN,15.8,32.4,292,11.91,1.82
2024-02-25,80,12.6,3.2,10.8,0.6,2024-02-25T06:28,2024-02-25T17:26,39509.25,6177.41,2.60,3.80,9.90,0.00,0.00,9.90,9.0,NaN,13.8,28.4,39,6.81,1.03
2024-02-26,80,13.7,5.6,11.7,3.9,2024-02-26T06:26,2024-02-26T17:28,39684.59,35771.83,3.00,3.80,0.40,0.70,0.00,1.10,4.0,NaN,12.1,25.9,247,11.94,1.59
2024-02-27,61,15.3,5.3,10.9,3.0,2024-02-27T06:25,2024-02-27T17:29,39861.05,15413.76,3.05,3.80,0.70,0.00,0.00,0.70,3.0,NaN,19.6,49.0,328,7.77,1.90
2024-02-28,61,16.3,7.0,12.5,4.4,2024-02-28T06:23,2024-02-28T17:30,40038.50,32736.36,3.95,3.95,0.10,0.00,0.00,0.10,1.0,NaN,18.4,37.8,345,13.98,2.53
2024-02-29,3,15.3,3.3,12.5,0.7,2024-02-29T06:21,2024-02-29T17:32,40216.79,36769.63,4.15,4.15,0.00,0.00,0.00,0.00,0.0,NaN,10.1,19.4,258,15.20,2.28
2024-03-01,3,15.1,7.8,10.2,5.7,2024-03-01T06:20,2024-03-01T17:33,40395.79,36425.05,4.15,4.15,0.00,0.00,0.00,0.00,0.0,NaN,22.7,46.4,305,15.78,3.01
2024-03-02,3,15.3,4.7,11.9,2.5,2024-03-02T06:18,2024-03-02T17:34,40575.38,22586.90,4.05,4.10,0.00,0.00,0.00,0.00,0.0,NaN,25.2,51.5,149,11.40,1.87
2024-03-03,63,12.3,6.9,8.4,1.5,2024-03-03T06:16,2024-03-03T17:35,40755.39,0.00,1.15,3.95,25.10,0.00,0.00,25.30,15.0,NaN,28.0,57.2,323,2.55,1.16
2024-03-04,3,15.4,5.4,13.3,2.5,2024-03-04T06:14,2024-03-04T17:37,40935.73,34353.84,4.20,4.20,0.00,0.00,0.00,0.00,0.0,NaN,11.3,24.5,292,15.66,2.50
2024-03-05,3,14.1,6.2,9.3,3.5,2024-03-05T06:13,2024-03-05T17:38,41116.24,37911.51,4.20,4.20,0.00,0.00,0.00,0.00,0.0,NaN,23.3,48.2,287,16.50,2.68
2024-03-06,3,15.1,4.8,10.9,2.1,2024-03-06T06:11,2024-03-06T17:39,41296.81,39745.91,4.25,4.35,0.00,0.00,0.00,0.00,0.0,NaN,14.1,30.2,318,15.78,2.38
2024-03-07,3,13.3,1.7,10.4,-1.4,2024-03-07T06:09,2024-03-07T17:40,41477.31,37315.51,4.25,4.50,0.00,0.00,0.00,0.00,0.0,NaN,15.8,32.8,110,14.64,2.06
2024-03-08,80,12.8,7.4,9.2,4.7,2024-03-08T06:07,2024-03-08T17:42,41657.61,11483.01,1.55,4.10,7.30,1.00,0.00,8.30,9.0,NaN,37.7,80.6,119,5.10,0.97
2024-03-09,61,12.8,11.2,9.3,6.2,2024-03-09T06:06,2024-03-09T17:43,41837.59,0.00,0.50,4.35,14.00,0.50,0.00,15.00,12.0,NaN,34.4,71.6,152,2.61,0.85
2024-03-10,80,14.3,7.3,12.6,5.8,2024-03-10T06:04,2024-03-10T17:44,42017.12,38715.04,4.40,4.40,0.70,0.20,0.00,0.90,3.0,NaN,16.6,32.8,187,15.49,2.11
2024-03-11,45,15.0,6.9,10.2,4.8,2024-03-11T06:02,2024-03-11T17:45,42196.08,39489.38,3.80,4.45,0.00,0.00,0.00,0.00,0.0,NaN,24.8,52.2,293,15.43,2.72
2024-03-12,3,16.3,8.4,12.3,4.5,2024-03-12T06:00,2024-03-12T17:47,42374.35,39245.24,4.70,4.70,0.00,0.00,0.00,0.00,0.0,NaN,17.9,36.0,308,15.99,3.10
2024-03-13,1,19.9,6.3,19.0,4.1,2024-03-13T05:59,2024-03-13T17:48,42552.03,41854.52,4.80,4.80,0.00,0.00,0.00,0.00,0.0,NaN,10.1,20.2,299,17.84,2.89
2024-03-14,3,15.1,6.2,13.4,4.3,2024-03-14T05:57,2024-03-14T17:49,42730.45,33706.72,4.90,5.05,0.00,0.00,0.00,0.00,0.0,NaN,10.2,22.7,109,13.44,1.87
2024-03-15,3,17.7,8.5,17.4,7.3,2024-03-15T05:55,2024-03-15T17:50,42909.72,42304.95,4.95,5.00,0.00,0.00,0.00,0.00,0.0,NaN,12.2,26.3,244,17.15,2.50
2024-03-16,3,22.0,10.8,20.1,9.3,2024-03-16T05:53,2024-03-16T17:52,43089.74,40713.99,5.15,5.15,0.00,0.00,0.00,0.00,0.0,NaN,9.8,20.5,309,18.09,3.16
2024-03-17,3,18.8,8.2,17.8,6.7,2024-03-17T05:52,2024-03-17T17:53,43270.39,36679.35,5.20,5.20,0.00,0.00,0.00,0.00,0.0,NaN,10.7,23.0,191,16.00,2.57
2024-03-18,45,23.4,9.3,21.2,8.6,2024-03-18T05:50,2024-03-18T17:54,43451.56,37656.86,5.15,5.15,0.00,0.00,0.00,0.00,0.0,NaN,18.6,38.5,316,17.92,3.26
2024-03-19,3,20.6,9.3,20.1,8.0,2024-03-19T05:48,2024-03-19T17:55,43633.13,39906.37,5.10,5.20,0.00,0.00,0.00,0.00,0.0,NaN,8.9,19.4,260,17.99,3.01
2024-03-20,45,16.4,8.3,15.2,7.0,2024-03-20T05:46,2024-03-20T17:56,43815.00,32030.00,4.85,5.25,0.00,0.00,0.00,0.00,0.0,NaN,12.9,28.1,102,12.39,1.85
2024-03-21,3,22.3,8.2,21.9,6.9,2024-03-21T05:44,2024-03-21T17:58,43997.05,40527.32,5.25,5.25,0.00,0.00,0.00,0.00,0.0,NaN,10.2,23.0,273,18.36,2.99
2024-03-22,45,24.2,9.8,23.5,8.4,2024-03-22T05:43,2024-03-22T17:59,44179.18,42902.77,5.35,5.35,0.00,0.00,0.00,0.00,0.0,NaN,15.7,33.1,44,19.79,3.31
2024-03-23,45,19.2,10.2,14.3,7.6,2024-03-23T05:41,2024-03-23T18:00,44361.27,39758.39,5.10,5.25,0.00,0.00,0.00,0.00,0.0,NaN,23.7,48.6,310,19.77,4.12
2024-03-24,3,15.8,8.4,11.0,5.3,2024-03-24T05:39,2024-03-24T18:01,44543.20,43047.07,5.25,5.40,0.00,0.00,0.00,0.00,0.0,NaN,24.5,50.0,307,19.45,3.60
2024-03-25,63,14.1,4.0,10.9,1.3,2024-03-25T05:37,2024-03-25T18:02,44724.88,21600.00,4.50,5.40,5.90,0.00,0.00,5.90,4.0,NaN,21.5,44.3,126,12.93,2.11
2024-03-26,63,12.6,8.8,10.9,5.9,2024-03-26T05:35,2024-03-26T18:04,44906.17,145.48,0.95,5.05,21.40,0.50,0.00,21.90,17.0,NaN,39.5,81.7,127,3.19,0.79
2024-03-27,80,14.4,6.6,11.5,3.7,2024-03-27T05:33,2024-03-27T18:05,45086.97,40564.93,5.35,5.35,3.70,0.10,0.00,3.80,7.0,NaN,15.2,31.3,239,18.17,2.67
2024-03-28,3,15.5,9.5,13.1,6.8,2024-03-28T05:32,2024-03-28T18:06,45267.17,29472.24,5.40,5.45,0.00,0.00,0.00,0.00,0.0,NaN,16.2,34.6,18,15.33,2.50
2024-03-29,3,17.1,14.0,13.9,10.6,2024-03-29T05:30,2024-03-29T18:07,45446.64,29312.39,4.55,5.65,0.00,0.00,0.00,0.00,0.0,NaN,31.2,65.2,136,15.41,2.56
2024-03-30,80,16.2,13.3,13.6,10.4,2024-03-30T05:28,2024-03-30T18:08,45625.29,34680.27,5.10,5.45,0.15,0.20,0.00,0.20,1.0,NaN,30.6,64.8,144,14.79,2.58
2024-03-31,80,15.8,12.7,12.0,8.6,2024-03-31T05:26,2024-03-31T18:10,45802.96,22310.00,4.50,5.50,2.20,1.20,0.00,2.70,10.0,NaN,31.0,66.2,161,12.24,2.04
2024-04-01,80,17.1,8.0,15.2,5.8,2024-04-01T05:25,2024-04-01T18:11,45979.55,39806.71,5.45,5.45,0.00,0.00,0.00,0.00,0.0,NaN,14.1,34.6,261,19.45,3.18
2024-04-02,3,17.2,7.7,16.9,5.3,2024-04-02T05:23,2024-04-02T18:12,46155.17,41197.61,5.85,5.85,0.00,0.00,0.00,0.00,0.0,NaN,14.8,33.5,203,22.13,3.33
2024-04-03,80,21.4,10.5,18.2,8.7,2024-04-03T05:21,2024-04-03T18:13,46331.04,42035.67,5.25,5.80,0.00,0.00,0.00,0.20,1.0,NaN,16.7,34.9,299,18.44,3.24
2024-04-04,3,18.8,8.0,19.3,6.4,2024-04-04T05:19,2024-04-04T18:14,46507.29,44058.93,5.50,5.85,0.00,0.00,0.00,0.00,0.0,NaN,10.7,24.5,81,21.40,3.20
2024-04-05,3,17.9,12.5,16.6,11.3,2024-04-05T05:18,2024-04-05T18:16,46683.81,36602.89,5.95,5.95,0.00,0.00,0.00,0.00,0.0,NaN,21.0,44.3,97,17.66,2.63
2024-04-06,3,19.4,10.5,18.4,9.3,2024-04-06T05:16,2024-04-06T18:17,46860.49,43319.20,6.00,6.00,0.00,0.00,0.00,0.00,0.0,NaN,16.6,35.6,93,22.30,3.40
2024-04-07,3,19.8,11.1,19.5,10.2,2024-04-07T05:14,2024-04-07T18:18,47037.21,38405.43,4.95,6.10,0.00,0.00,0.00,0.00,0.0,NaN,12.5,27.7,85,17.78,2.91
2024-04-08,3,19.8,11.6,17.6,10.6,2024-04-08T05:12,2024-04-08T18:19,47213.87,29221.82,4.65,6.10,0.20,0.00,0.00,0.00,0.0,NaN,20.2,43.2,122,15.15,2.85
2024-04-09,61,17.9,10.4,13.8,6.5,2024-04-09T05:11,2024-04-09T18:20,47390.35,37617.11,5.35,5.95,0.10,0.00,0.00,0.30,1.0,NaN,26.8,55.4,310,21.90,4.71
2024-04-10,3,18.0,9.1,13.2,4.9,2024-04-10T05:09,2024-04-10T18:22,47566.53,45934.79,6.00,6.05,0.00,0.00,0.00,0.00,0.0,NaN,26.4,54.0,324,23.34,4.62
2024-04-11,3,22.5,7.9,22.3,5.2,2024-04-11T05:07,2024-04-11T18:23,47742.30,45958.55,6.25,6.25,0.00,0.00,0.00,0.00,0.0,NaN,8.6,19.4,313,23.53,4.04
2024-04-12,2,26.5,8.7,26.4,6.7,2024-04-12T05:05,2024-04-12T18:24,47917.54,46141.51,6.45,6.45,0.00,0.00,0.00,0.00,0.0,NaN,8.2,17.6,309,24.00,4.38
2024-04-13,3,27.9,10.1,28.9,9.0,2024-04-13T05:04,2024-04-13T18:25,48092.12,46243.98,6.10,6.60,0.00,0.00,0.00,0.00,0.0,NaN,9.7,22.3,71,23.64,4.46
2024-04-14,3,24.3,10.0,24.5,9.0,2024-04-14T05:02,2024-04-14T18:26,48265.93,46345.71,6.65,6.65,0.00,0.00,0.00,0.00,0.0,NaN,12.1,26.6,163,24.23,4.33
2024-04-15,3,23.9,11.2,21.7,9.2,2024-04-15T05:00,2024-04-15T18:28,48438.84,43200.00,6.20,6.45,0.00,0.00,0.00,0.00,0.0,NaN,26.2,53.6,306,22.74,4.76
2024-04-16,61,17.3,11.0,12.7,6.8,2024-04-16T04:59,2024-04-16T18:29,48610.71,46778.44,6.45,6.45,0.00,0.00,0.00,0.50,1.0,NaN,29.0,59.8,309,25.36,5.06
2024-04-17,3,17.0,9.5,11.4,5.3,2024-04-17T04:57,2024-04-17T18:30,48781.42,46843.73,6.30,6.40,0.00,0.00,0.00,0.00,0.0,NaN,26.5,55.4,308,19.69,4.25
2024-04-18,3,15.3,8.4,11.5,4.5,2024-04-18T04:55,2024-04-18T18:31,48950.84,46907.98,5.20,6.30,0.00,0.00,0.00,0.00,0.0,NaN,25.5,54.4,334,23.31,4.25
2024-04-19,0,17.8,5.4,16.4,2.2,2024-04-19T04:54,2024-04-19T18:32,49118.81,46931.49,6.45,6.45,0.00,0.00,0.00,0.00,0.0,NaN,11.9,26.6,245,25.78,4.15
2024-04-20,1,19.3,9.5,15.9,5.4,2024-04-20T04:52,2024-04-20T18:33,49285.21,47226.07,6.55,6.55,0.00,0.00,0.00,0.00,0.0,NaN,24.7,50.0,359,26.17,5.26
2024-04-21,2,18.6,6.3,18.0,3.1,2024-04-21T04:51,2024-04-21T18:35,49449.89,46865.18,6.50,6.50,0.00,0.00,0.00,0.00,0.0,NaN,25.9,54.4,352,25.67,4.95
2024-04-22,3,15.1,6.0,9.2,2.4,2024-04-22T04:49,2024-04-22T18:36,49612.92,47490.40,6.45,6.45,0.00,0.00,0.00,0.00,0.0,NaN,28.1,58.0,341,24.42,4.64
2024-04-23,3,14.5,5.7,8.5,1.2,2024-04-23T04:47,2024-04-23T18:37,49775.51,42752.26,6.00,6.45,0.00,0.00,0.00,0.00,0.0,NaN,23.2,49.0,336,18.53,4.02
2024-04-24,2,15.8,6.0,10.9,1.6,2024-04-24T04:46,2024-04-24T18:38,49937.76,47426.96,6.40,6.60,0.00,0.00,0.00,0.00,0.0,NaN,28.5,59.4,313,26.19,4.57
2024-04-25,61,15.4,6.8,13.1,4.7,2024-04-25T04:44,2024-04-25T18:39,50099.55,20549.18,6.30,6.55,0.10,0.00,0.00,0.10,1.0,NaN,14.1,30.2,229,13.33,2.33
2024-04-26,80,16.3,10.0,15.0,9.4,2024-04-26T04:43,2024-04-26T18:41,50260.76,29941.99,4.65,6.35,0.20,0.80,0.00,1.10,6.0,NaN,19.2,38.9,120,16.92,2.56
2024-04-27,80,16.4,12.5,11.9,8.9,2024-04-27T04:41,2024-04-27T18:42,50421.26,9100.31,4.45,6.65,0.40,0.80,0.00,1.20,7.0,NaN,34.1,70.2,134,12.10,2.34
2024-04-28,80,14.3,12.9,14.4,10.9,2024-04-28T04:40,2024-04-28T18:43,50580.92,0.00,1.25,6.25,24.90,1.30,0.00,26.30,23.0,NaN,27.8,56.5,148,3.15,0.73
2024-04-29,80,18.1,12.3,17.7,10.9,2024-04-29T04:38,2024-04-29T18:44,50739.61,8941.67,3.40,6.75,5.40,1.00,0.00,6.40,9.0,NaN,11.8,25.6,26,12.72,2.17
2024-04-30,80,17.3,12.8,17.3,12.6,2024-04-30T04:37,2024-04-30T18:45,50897.19,0.00,2.50,6.70,7.70,1.20,0.00,8.80,17.0,NaN,10.2,21.2,29,8.12,1.50
2024-05-01,95,15.0,10.7,15.0,7.9,2024-05-01T04:36,2024-05-01T18:46,51053.54,0.00,0.45,6.45,33.70,0.40,0.00,34.10,16.0,NaN,17.3,35.3,305,4.55,1.12
2024-05-02,61,15.0,9.8,11.3,6.3,2024-05-02T04:34,2024-05-02T18:48,51208.50,2391.14,3.35,6.65,1.10,0.00,0.00,1.10,6.0,NaN,20.8,43.2,282,12.16,2.53
2024-05-03,3,19.9,8.3,18.3,6.0,2024-05-03T04:33,2024-05-03T18:49,51361.93,46514.07,6.85,6.85,0.00,0.00,0.00,0.00,0.0,NaN,14.5,31.0,273,24.11,4.07
2024-05-04,3,19.0,9.0,18.1,7.4,2024-05-04T04:31,2024-05-04T18:50,51513.69,27658.65,5.85,6.95,0.00,0.00,0.00,0.00,0.0,NaN,10.5,23.8,105,17.12,2.93
2024-05-05,80,19.7,13.2,19.2,13.1,2024-05-05T04:30,2024-05-05T18:51,51663.62,33141.77,7.05,7.05,0.00,0.00,0.00,0.00,0.0,NaN,15.5,33.5,103,19.19,3.00
2024-05-06,80,17.1,12.7,17.3,10.9,2024-05-06T04:29,2024-05-06T18:52,51811.58,16156.68,2.30,6.70,2.60,0.10,0.00,2.90,5.0,NaN,16.9,37.4,88,10.95,1.93
2024-05-07,80,19.7,11.5,17.1,9.2,2024-05-07T04:28,2024-05-07T18:53,51957.39,44433.20,6.55,6.75,0.00,0.00,0.00,0.00,0.0,NaN,21.9,47.2,303,25.10,4.41
2024-05-08,3,23.2,14.0,20.2,11.2,2024-05-08T04:26,2024-05-08T18:55,52100.91,49723.23,6.90,6.90,0.00,0.00,0.00,0.00,0.0,NaN,22.9,49.7,356,25.06,5.29
2024-05-09,1,24.9,11.9,25.7,10.5,2024-05-09T04:25,2024-05-09T18:56,52241.98,49700.27,7.10,7.10,0.00,0.00,0.00,0.00,0.0,NaN,11.8,26.3,358,27.60,5.02
2024-05-10,0,24.7,12.0,25.3,11.3,2024-05-10T04:24,2024-05-10T18:57,52380.40,49677.56,7.15,7.15,0.00,0.00,0.00,0.00,0.0,NaN,12.7,28.1,140,27.85,5.08
2024-05-11,0,24.0,11.0,24.2,9.9,2024-05-11T04:23,2024-05-11T18:58,52516.03,49998.71,7.30,7.30,0.00,0.00,0.00,0.00,0.0,NaN,13.0,28.4,156,28.02,5.01
2024-05-12,3,21.9,11.6,22.3,10.7,2024-05-12T04:22,2024-05-12T18:59,52648.88,44632.84,7.10,7.20,0.00,0.00,0.00,0.00,0.0,NaN,13.1,28.8,165,26.00,4.36
2024-05-13,3,22.1,12.9,22.7,13.0,2024-05-13T04:21,2024-05-13T19:00,52780.04,41343.81,6.55,7.10,0.00,0.00,0.00,0.00,0.0,NaN,15.1,32.8,125,24.85,4.19
2024-05-14,99,17.3,13.9,17.3,14.0,2024-05-14T04:19,2024-05-14T19:01,52909.55,1372.16,2.05,7.05,65.00,0.40,0.00,65.40,11.0,NaN,20.2,41.8,118,3.15,0.77
2024-05-15,3,20.5,12.9,20.1,12.6,2024-05-15T04:18,2024-05-15T19:02,53037.32,50277.45,7.10,7.10,0.00,0.00,0.00,0.00,0.0,NaN,10.7,25.6,252,24.61,4.09
2024-05-16,3,20.5,11.2,19.9,10.3,2024-05-16T04:17,2024-05-16T19:03,53163.21,49837.26,7.05,7.05,0.00,0.00,0.00,0.00,0.0,NaN,14.8,32.4,276,23.91,4.11
2024-05-17,80,20.2,8.7,20.0,7.2,2024-05-17T04:16,2024-05-17T19:04,53287.10,50671.90,7.10,7.10,0.00,0.20,0.00,0.20,2.0,NaN,14.2,31.3,130,25.86,4.12
2024-05-18,80,20.0,13.3,20.5,13.5,2024-05-18T04:15,2024-05-18T19:06,53408.85,32673.50,7.05,7.10,0.00,0.30,0.00,0.30,3.0,NaN,10.9,27.4,156,17.89,2.95
2024-05-19,3,23.6,11.7,25.0,11.4,2024-05-19T04:14,2024-05-19T19:07,53528.32,44416.64,6.95,7.35,0.00,0.00,0.00,0.00,0.0,NaN,14.4,31.0,159,26.55,4.73
2024-05-20,3,22.1,11.6,22.2,11.3,2024-05-20T04:14,2024-05-20T19:08,53645.39,50400.00,6.85,7.30,0.00,0.00,0.00,0.00,0.0,NaN,12.2,29.5,258,21.11,3.96
2024-05-21,2,22.3,13.6,19.9,12.1,2024-05-21T04:13,2024-05-21T19:09,53759.91,51120.57,7.20,7.20,0.00,0.00,0.00,0.00,0.0,NaN,21.1,44.3,283,24.88,4.93
2024-05-22,2,23.9,13.5,21.5,11.7,2024-05-22T04:12,2024-05-22T19:10,53871.75,49407.45,7.30,7.30,0.00,0.00,0.00,0.00,0.0,NaN,16.6,35.6,279,26.61,5.40
2024-05-23,3,23.4,14.5,21.5,13.0,2024-05-23T04:11,2024-05-23T19:11,53980.76,50400.00,7.20,7.25,0.00,0.00,0.00,0.00,0.0,NaN,15.7,34.9,292,25.33,5.07
2024-05-24,3,20.4,13.6,20.2,12.8,2024-05-24T04:10,2024-05-24T19:12,54086.80,46197.23,6.35,7.25,0.00,0.00,0.00,0.00,0.0,NaN,13.8,30.2,220,23.30,3.95
2024-05-25,3,22.8,10.4,23.4,9.5,2024-05-25T04:09,2024-05-25T19:13,54189.73,48347.39,7.00,7.35,0.00,0.00,0.00,0.00,0.0,NaN,15.5,33.5,204,26.51,4.72
2024-05-26,3,22.4,12.0,23.8,11.6,2024-05-26T04:09,2024-05-26T19:14,54289.39,47455.72,7.25,7.45,0.00,0.00,0.00,0.00,0.0,NaN,12.1,27.4,159,26.76,4.45
2024-05-27,61,20.8,15.6,21.1,14.3,2024-05-27T04:08,2024-05-27T19:14,54385.64,20925.72,4.60,7.20,0.90,0.10,0.00,1.10,3.0,NaN,13.1,28.4,321,8.73,1.87
2024-05-28,3,25.9,12.8,27.3,11.7,2024-05-28T04:07,2024-05-28T19:15,54478.34,51090.30,7.25,7.40,0.00,0.00,0.00,0.00,0.0,NaN,8.2,19.8,318,28.41,5.13
2024-05-29,80,26.5,14.7,27.2,14.6,2024-05-29T04:07,2024-05-29T19:16,54567.32,34776.73,7.45,7.55,0.00,0.00,0.00,0.00,0.0,NaN,17.2,38.5,306,20.95,4.67
2024-05-30,80,25.4,16.6,23.5,13.4,2024-05-30T04:06,2024-05-30T19:17,54652.44,37138.66,7.25,7.50,0.00,0.20,0.00,0.20,1.0,NaN,26.7,56.9,296,23.05,5.47
2024-05-31,3,23.1,13.1,19.0,10.1,2024-05-31T04:06,2024-05-31T19:18,54733.54,52197.09,7.30,7.30,0.00,0.00,0.00,0.00,0.0,NaN,22.9,48.6,312,22.08,5.32
2024-06-01,80,23.0,13.6,21.5,12.4,2024-06-01T04:05,2024-06-01T19:19,54810.61,51826.07,6.25,7.15,0.10,0.00,0.00,0.10,1.0,NaN,14.4,31.3,323,23.61,4.78
2024-06-02,80,24.8,14.7,23.2,13.7,2024-06-02T04:05,2024-06-02T19:19,54884.29,36035.26,5.40,7.30,0.30,0.00,0.00,0.40,1.0,NaN,12.3,28.8,348,20.05,4.32
2024-06-03,3,25.9,14.9,25.7,15.0,2024-06-03T04:04,2024-06-03T19:20,54954.64,50625.91,6.85,7.30,0.00,0.00,0.00,0.00,0.0,NaN,11.5,27.4,346,23.18,4.63
2024-06-04,3,24.6,13.6,25.6,13.5,2024-06-04T04:04,2024-06-04T19:21,55021.59,51801.12,7.40,7.40,0.00,0.00,0.00,0.00,0.0,NaN,17.0,36.0,181,29.04,5.33
2024-06-05,45,25.5,16.1,27.8,17.5,2024-06-05T04:04,2024-06-05T19:22,55085.07,45252.10,7.55,7.55,0.00,0.00,0.00,0.00,0.0,NaN,15.0,32.4,133,27.56,5.01
2024-06-06,45,25.3,16.6,27.4,18.0,2024-06-06T04:03,2024-06-06T19:22,55145.03,46171.53,7.00,7.60,0.00,0.00,0.00,0.00,0.0,NaN,14.5,31.7,92,26.70,4.82
2024-06-07,45,27.3,17.9,29.1,18.8,2024-06-07T04:03,2024-06-07T19:23,55201.37,44336.65,6.65,7.60,0.00,0.00,0.00,0.00,0.0,NaN,13.3,29.2,77,22.58,4.31
2024-06-08,3,27.8,17.2,29.7,18.9,2024-06-08T04:03,2024-06-08T19:24,55254.04,46800.00,5.80,7.65,0.00,0.00,0.00,0.00,0.0,NaN,12.3,26.6,93,25.86,5.12
2024-06-09,80,26.3,17.9,27.8,18.2,2024-06-09T04:02,2024-06-09T19:24,55302.98,38803.88,6.45,7.40,0.00,0.30,0.00,0.30,1.0,NaN,13.9,31.7,297,21.78,4.35
2024-06-10,2,27.2,17.5,25.0,17.0,2024-06-10T04:02,2024-06-10T19:25,55348.11,52142.38,7.40,7.55,0.00,0.00,0.00,0.00,0.0,NaN,21.7,43.9,311,28.27,6.75
2024-06-11,2,25.8,15.3,24.0,14.0,2024-06-11T04:02,2024-06-11T19:25,55389.39,52043.77,7.55,7.55,0.00,0.00,0.00,0.00,0.0,NaN,21.0,44.6,316,28.10,6.24
2024-06-12,3,25.2,11.7,23.5,10.1,2024-06-12T04:02,2024-06-12T19:26,55426.75,45308.21,7.50,7.50,0.00,0.00,0.00,0.00,0.0,NaN,16.6,36.4,319,27.34,5.96
2024-06-13,3,26.7,13.7,26.7,11.1,2024-06-13T04:02,2024-06-13T19:26,55460.12,50691.00,7.50,7.50,0.00,0.00,0.00,0.00,0.0,NaN,21.5,45.0,255,30.14,6.01
2024-06-14,3,22.3,15.0,22.2,15.5,2024-06-14T04:02,2024-06-14T19:27,55489.45,22067.02,7.40,7.55,0.00,0.00,0.00,0.00,0.0,NaN,17.3,36.4,105,14.19,2.65
2024-06-15,3,23.2,17.7,22.6,15.8,2024-06-15T04:02,2024-06-15T19:27,55514.68,38602.66,3.60,7.50,0.00,0.00,0.00,0.00,0.0,NaN,14.1,28.1,300,19.03,4.44
2024-06-16,3,25.8,14.0,26.0,12.5,2024-06-16T04:02,2024-06-16T19:28,55535.76,51782.16,7.60,7.60,0.00,0.00,0.00,0.00,0.0,NaN,17.9,38.2,222,29.02,5.78
2024-06-17,3,23.2,15.8,24.0,16.6,2024-06-17T04:02,2024-06-17T19:28,55552.63,39674.44,7.55,7.55,0.00,0.00,0.00,0.00,0.0,NaN,15.5,33.5,126,18.35,3.39
2024-06-18,3,27.7,15.4,28.7,15.8,2024-06-18T04:02,2024-06-18T19:28,55565.25,51421.95,7.50,7.65,0.00,0.00,0.00,0.00,0.0,NaN,15.0,32.8,145,27.96,5.45
2024-06-19,3,26.1,17.6,28.8,19.0,2024-06-19T04:02,2024-06-19T19:29,55573.57,47849.35,7.25,7.65,0.00,0.00,0.00,0.00,0.0,NaN,16.0,35.6,131,25.31,4.59
2024-06-20,80,21.0,19.5,23.2,20.3,2024-06-20T04:03,2024-06-20T19:29,55577.53,4951.85,4.25,7.45,4.50,0.80,0.00,5.40,14.0,NaN,13.5,44.6,34,8.36,1.63
2024-06-21,3,26.7,18.9,26.1,19.3,2024-06-21T04:03,2024-06-21T19:29,55577.09,49224.94,7.40,7.40,0.00,0.00,0.00,0.00,0.0,NaN,21.6,45.0,297,28.58,6.08
2024-06-22,80,24.1,17.4,23.0,16.2,2024-06-22T04:03,2024-06-22T19:29,55572.22,42139.81,7.25,7.50,1.70,0.00,0.00,1.70,3.0,NaN,25.3,53.3,296,25.78,5.39
2024-06-23,3,25.8,16.1,22.8,14.8,2024-06-23T04:03,2024-06-23T19:29,55562.95,45360.51,7.50,7.50,0.00,0.00,0.00,0.00,0.0,NaN,21.0,43.2,333,20.62,5.31
2024-06-24,2,29.4,16.6,32.6,16.3,2024-06-24T04:04,2024-06-24T19:29,55549.34,51829.14,7.50,7.50,0.00,0.00,0.00,0.00,0.0,NaN,13.4,28.8,249,29.10,6.00
2024-06-25,3,26.5,17.8,29.4,19.0,2024-06-25T04:04,2024-06-25T19:29,55531.44,49319.64,7.45,7.45,0.00,0.00,0.00,0.00,0.0,NaN,16.4,35.3,117,27.99,5.10
2024-06-26,45,25.6,18.9,28.6,21.6,2024-06-26T04:04,2024-06-26T19:29,55509.32,48496.15,7.55,7.55,0.00,0.00,0.00,0.00,0.0,NaN,13.8,29.9,133,25.97,4.68
2024-06-27,45,29.6,17.6,33.4,19.7,2024-06-27T04:05,2024-06-27T19:29,55483.04,46399.60,7.65,7.65,0.00,0.00,0.00,0.00,0.0,NaN,13.5,28.8,191,27.43,5.60
2024-06-28,3,31.0,19.9,34.2,22.8,2024-06-28T04:05,2024-06-28T19:29,55452.66,49748.15,7.60,7.65,0.00,0.00,0.00,0.00,0.0,NaN,15.0,33.1,143,28.22,5.75
2024-06-29,80,25.0,19.3,25.7,20.2,2024-06-29T04:06,2024-06-29T19:29,55418.26,23652.93,5.70,7.40,0.00,1.20,0.00,1.20,4.0,NaN,24.2,50.8,150,13.40,2.60
2024-06-30,3,28.4,18.0,30.8,17.6,2024-06-30T04:06,2024-06-30T19:29,55379.89,51148.40,7.35,7.55,0.00,0.00,0.00,0.00,0.0,NaN,13.8,29.2,287,26.19,5.56
2024-07-01,3,28.8,18.4,28.1,19.2,2024-07-01T04:07,2024-07-01T19:29,55337.63,48180.66,7.30,7.45,0.00,0.00,0.00,0.00,0.0,NaN,26.8,55.1,311,26.22,6.31
2024-07-02,3,26.1,17.7,24.7,16.4,2024-07-02T04:07,2024-07-02T19:29,55291.55,44101.24,7.50,7.50,0.00,0.00,0.00,0.00,0.0,NaN,26.6,54.0,310,23.46,5.86
2024-07-03,3,26.0,17.2,23.9,15.0,2024-07-03T04:08,2024-07-03T19:29,55241.72,47523.38,7.40,7.60,0.00,0.00,0.00,0.00,0.0,NaN,24.7,50.8,303,28.52,6.54
2024-07-04,1,28.9,18.1,28.1,16.7,2024-07-04T04:09,2024-07-04T19:28,55188.21,51226.04,7.65,7.65,0.00,0.00,0.00,0.00,0.0,NaN,22.2,45.7,304,28.87,6.86
2024-07-05,3,28.7,17.1,30.4,17.9,2024-07-05T04:09,2024-07-05T19:28,55131.11,47503.41,7.55,7.65,0.00,0.00,0.00,0.00,0.0,NaN,15.5,33.1,185,28.36,5.76
2024-07-06,80,24.2,18.5,26.2,20.2,2024-07-06T04:10,2024-07-06T19:28,55070.48,22677.24,6.75,7.45,0.40,0.00,0.00,0.70,5.0,NaN,12.8,28.8,181,17.10,3.27
2024-07-07,3,28.8,17.6,29.1,18.4,2024-07-07T04:11,2024-07-07T19:27,55006.40,50400.00,7.50,7.50,0.00,0.00,0.00,0.00,0.0,NaN,13.7,28.8,290,27.66,5.95
2024-07-08,2,29.2,15.8,30.9,15.4,2024-07-08T04:11,2024-07-08T19:27,54938.95,50568.34,7.65,7.65,0.00,0.00,0.00,0.00,0.0,NaN,13.8,30.2,151,28.38,5.79
2024-07-09,3,27.3,18.5,28.9,20.0,2024-07-09T04:12,2024-07-09T19:27,54868.20,49568.37,7.30,7.55,0.00,0.00,0.00,0.00,0.0,NaN,13.3,29.5,122,27.98,5.46
2024-07-10,2,29.9,18.3,32.7,19.2,2024-07-10T04:13,2024-07-10T19:26,54794.23,50400.00,7.60,7.60,0.00,0.00,0.00,0.00,0.0,NaN,12.2,26.6,126,27.15,5.45
2024-07-11,2,32.9,19.5,35.9,22.1,2024-07-11T04:14,2024-07-11T19:26,54716.99,50400.00,7.60,7.60,0.00,0.00,0.00,0.00,0.0,NaN,14.0,30.6,162,27.88,6.08
2024-07-12,3,28.5,19.9,28.5,18.0,2024-07-12T04:14,2024-07-12T19:25,54635.75,36921.93,7.05,7.50,0.00,0.00,0.00,0.00,0.0,NaN,21.3,45.0,301,17.01,4.75
2024-07-13,3,27.6,14.5,27.8,13.2,2024-07-13T04:15,2024-07-13T19:24,54550.55,48718.34,6.80,7.50,0.00,0.00,0.00,0.00,0.0,NaN,10.6,25.2,252,27.24,5.46
2024-07-14,3,28.8,16.0,29.7,16.0,2024-07-14T04:16,2024-07-14T19:24,54461.54,50400.00,7.60,7.65,0.00,0.00,0.00,0.00,0.0,NaN,13.7,29.5,142,27.72,5.51
2024-07-15,3,26.3,21.0,29.0,23.1,2024-07-15T04:17,2024-07-15T19:23,54368.87,31348.80,3.00,7.35,0.00,0.00,0.00,0.00,0.0,NaN,17.4,35.6,138,17.25,3.27
2024-07-16,45,32.1,20.3,33.0,22.6,2024-07-16T04:18,2024-07-16T19:22,54272.68,50400.00,7.45,7.45,0.00,0.00,0.00,0.00,0.0,NaN,18.3,37.8,312,27.02,6.67
2024-07-17,3,32.2,18.3,33.2,17.9,2024-07-17T04:19,2024-07-17T19:22,54173.15,50400.00,7.15,7.45,0.00,0.00,0.00,0.00,0.0,NaN,9.2,20.9,302,26.97,5.88
2024-07-18,2,33.0,18.3,35.1,19.1,2024-07-18T04:20,2024-07-18T19:21,54070.41,50400.00,7.50,7.50,0.00,0.00,0.00,0.00,0.0,NaN,13.9,27.0,216,28.20,6.27
2024-07-19,3,34.4,20.1,37.6,21.5,2024-07-19T04:21,2024-07-19T19:20,53964.62,48270.46,7.40,7.50,0.00,0.00,0.00,0.00,0.0,NaN,14.0,26.6,219,26.07,6.14
2024-07-20,3,34.4,20.5,36.7,21.1,2024-07-20T04:22,2024-07-20T19:19,53855.92,46800.00,7.50,7.50,0.00,0.00,0.00,0.00,0.0,NaN,14.8,31.7,140,27.31,6.20
2024-07-21,80,27.8,21.3,26.4,21.3,2024-07-21T04:23,2024-07-21T19:18,53744.46,36000.00,5.05,7.10,0.00,0.30,0.00,0.30,3.0,NaN,22.2,49.3,319,20.30,5.28
2024-07-22,2,30.8,20.9,30.5,20.4,2024-07-22T04:24,2024-07-22T19:17,53630.39,50400.00,7.40,7.40,0.00,0.00,0.00,0.00,0.0,NaN,24.0,50.4,315,25.59,6.65
2024-07-23,2,34.7,19.2,37.0,19.8,2024-07-23T04:25,2024-07-23T19:16,53513.84,50400.00,7.40,7.40,0.00,0.00,0.00,0.00,0.0,NaN,12.3,30.2,336,27.52,6.13
2024-07-24,3,33.9,20.7,34.3,22.6,2024-07-24T04:26,2024-07-24T19:15,53394.97,50400.00,7.00,7.45,0.00,0.00,0.00,0.00,0.0,NaN,19.3,40.3,326,27.14,6.74
2024-07-25,0,34.2,18.0,34.7,19.5,2024-07-25T04:27,2024-07-25T19:14,53273.90,50400.00,7.40,7.40,0.00,0.00,0.00,0.00,0.0,NaN,10.8,21.6,299,28.54,6.10
2024-07-26,0,33.8,19.6,35.6,20.7,2024-07-26T04:28,2024-07-26T19:13,53150.77,50400.00,7.40,7.40,0.00,0.00,0.00,0.00,0.0,NaN,13.8,22.7,180,27.92,6.24
2024-07-27,0,29.0,20.1,31.9,22.8,2024-07-27T04:29,2024-07-27T19:12,53025.71,50400.00,7.40,7.40,0.00,0.00,0.00,0.00,0.0,NaN,12.9,28.8,132,26.79,5.33
2024-07-28,45,32.9,20.1,36.4,23.1,2024-07-28T04:30,2024-07-28T19:11,52898.87,50400.00,7.35,7.35,0.00,0.00,0.00,0.00,0.0,NaN,12.4,23.8,140,26.83,6.01
2024-07-29,0,33.7,20.2,36.5,22.0,2024-07-29T04:31,2024-07-29T19:10,52770.35,50400.00,7.35,7.35,0.00,0.00,0.00,0.00,0.0,NaN,14.8,28.8,186,26.91,6.11
2024-07-30,3,33.5,19.6,36.4,21.2,2024-07-30T04:32,2024-07-30T19:09,52640.30,50400.00,7.15,7.30,0.00,0.00,0.00,0.00,0.0,NaN,11.8,25.9,107,26.50,5.70
2024-07-31,45,32.0,21.8,36.2,25.5,2024-07-31T04:33,2024-07-31T19:08,52508.62,50400.00,7.35,7.35,0.00,0.00,0.00,0.00,0.0,NaN,12.9,27.7,106,26.26,5.51
2024-08-01,2,37.4,21.0,39.9,24.1,2024-08-01T04:34,2024-08-01T19:07,52374.27,50400.00,7.35,7.35,0.00,0.00,0.00,0.00,0.0,NaN,14.7,32.0,276,26.40,6.70
2024-08-02,3,36.1,24.4,40.1,26.4,2024-08-02T04:35,2024-08-02T19:06,52237.19,48340.48,7.15,7.25,0.00,0.00,0.00,0.00,0.0,NaN,19.1,38.2,311,25.83,6.88
2024-08-03,2,34.7,23.5,33.9,24.0,2024-08-03T04:36,2024-08-03T19:04,52097.56,50360.32,7.20,7.20,0.00,0.00,0.00,0.00,0.0,NaN,21.4,43.9,320,27.00,7.87
2024-08-04,3,33.8,20.7,35.8,21.1,2024-08-04T04:37,2024-08-04T19:03,51955.54,50283.83,7.15,7.15,0.00,0.00,0.00,0.00,0.0,NaN,12.7,27.7,318,26.62,6.16
2024-08-05,1,34.3,19.2,36.4,20.5,2024-08-05T04:38,2024-08-05T19:02,51811.29,50205.62,7.20,7.20,0.00,0.00,0.00,0.00,0.0,NaN,13.5,30.6,249,26.67,6.00
2024-08-06,3,33.4,19.8,35.3,21.1,2024-08-06T04:39,2024-08-06T19:00,51664.96,49525.03,7.15,7.15,0.00,0.00,0.00,0.00,0.0,NaN,14.6,27.7,205,25.70,6.00
2024-08-07,3,33.6,21.8,37.0,24.2,2024-08-07T04:40,2024-08-07T18:59,51516.71,50044.46,7.05,7.05,0.00,0.00,0.00,0.00,0.0,NaN,17.0,36.0,261,24.80,5.80
2024-08-08,1,33.7,23.3,36.9,24.9,2024-08-08T04:41,2024-08-08T18:58,51366.71,49587.68,7.10,7.10,0.00,0.00,0.00,0.00,0.0,NaN,13.9,31.0,201,25.67,5.91
2024-08-09,3,34.8,18.6,35.8,18.6,2024-08-09T04:43,2024-08-09T18:56,51215.08,49620.19,7.10,7.10,0.00,0.00,0.00,0.00,0.0,NaN,12.8,28.1,8,25.93,5.86
2024-08-10,3,36.5,21.1,38.0,22.1,2024-08-10T04:44,2024-08-10T18:55,51061.98,48649.68,7.05,7.10,0.00,0.00,0.00,0.00,0.0,NaN,15.0,32.0,72,25.76,6.25
2024-08-11,3,32.8,21.6,34.8,23.6,2024-08-11T04:45,2024-08-11T18:53,50907.54,48685.73,7.00,7.00,0.00,0.00,0.00,0.00,0.0,NaN,12.6,28.1,146,25.23,5.67
2024-08-12,2,30.8,22.3,34.1,26.0,2024-08-12T04:46,2024-08-12T18:52,50751.91,46320.44,7.05,7.05,0.00,0.00,0.00,0.00,0.0,NaN,11.7,22.0,166,24.72,5.18
2024-08-13,45,30.9,19.8,34.2,22.4,2024-08-13T04:47,2024-08-13T18:50,50595.21,48427.27,7.00,7.00,0.00,0.00,0.00,0.00,0.0,NaN,16.9,35.6,194,24.82,5.25
2024-08-14,3,30.8,21.2,35.0,23.4,2024-08-14T04:48,2024-08-14T18:49,50437.59,31376.61,4.95,6.95,0.00,0.00,0.00,0.00,0.0,NaN,14.2,30.2,309,19.08,4.52
2024-08-15,3,30.4,22.2,32.2,23.3,2024-08-15T04:49,2024-08-15T18:47,50279.16,47511.65,6.85,6.85,0.00,0.00,0.00,0.00,0.0,NaN,12.6,33.5,314,20.94,4.82
2024-08-16,3,30.0,21.2,32.4,23.3,2024-08-16T04:50,2024-08-16T18:46,50120.06,46892.39,6.65,6.80,0.00,0.00,0.00,0.00,0.0,NaN,12.7,28.4,339,20.40,4.38
2024-08-17,3,32.0,21.5,34.2,24.5,2024-08-17T04:52,2024-08-17T18:44,49960.41,47595.20,6.40,6.90,0.00,0.00,0.00,0.00,0.0,NaN,14.6,30.2,283,20.91,5.18
2024-08-18,3,30.0,19.5,27.8,18.8,2024-08-18T04:53,2024-08-18T18:43,49800.33,47637.53,6.70,6.70,0.00,0.00,0.00,0.00,0.0,NaN,24.3,51.1,307,25.25,6.79
2024-08-19,1,31.5,17.8,31.0,16.8,2024-08-19T04:54,2024-08-19T18:41,49639.94,47680.22,6.75,6.75,0.00,0.00,0.00,0.00,0.0,NaN,17.7,36.4,353,24.78,6.17
2024-08-20,0,33.5,17.9,33.1,17.7,2024-08-20T04:55,2024-08-20T18:40,49479.14,47395.54,6.80,6.80,0.00,0.00,0.00,0.00,0.0,NaN,17.7,36.7,289,24.89,6.30
2024-08-21,1,32.7,21.6,32.5,21.8,2024-08-21T04:56,2024-08-21T18:38,49316.78,47048.13,6.65,6.65,0.00,0.00,0.00,0.00,0.0,NaN,14.9,31.0,323,24.62,6.34
2024-08-22,0,28.9,15.3,29.1,15.6,2024-08-22T04:57,2024-08-22T18:36,49152.76,46701.26,6.65,6.65,0.00,0.00,0.00,0.00,0.0,NaN,14.0,30.6,204,24.55,5.16
2024-08-23,0,30.5,15.0,31.2,13.6,2024-08-23T04:58,2024-08-23T18:35,48987.24,46602.72,6.65,6.65,0.00,0.00,0.00,0.00,0.0,NaN,14.8,31.3,179,23.68,5.17
2024-08-24,3,27.4,20.4,29.0,22.4,2024-08-24T04:59,2024-08-24T18:33,48820.34,37274.56,6.60,6.60,0.00,0.00,0.00,0.00,0.0,NaN,20.1,42.1,128,16.34,3.33
2024-08-25,3,31.0,20.7,32.7,21.2,2024-08-25T05:01,2024-08-25T18:31,48652.21,43200.00,6.15,6.50,0.00,0.00,0.00,0.00,0.0,NaN,11.8,24.8,8,20.44,4.51
2024-08-26,1,30.9,14.7,30.6,14.4,2024-08-26T05:02,2024-08-26T18:30,48482.95,46129.50,6.45,6.55,0.00,0.00,0.00,0.00,0.0,NaN,12.2,25.9,1,24.15,5.16
2024-08-27,0,31.6,16.4,33.7,14.5,2024-08-27T05:03,2024-08-27T18:28,48312.70,45509.40,6.35,6.50,0.00,0.00,0.00,0.00,0.0,NaN,12.2,26.3,236,23.00,5.15
2024-08-28,2,31.1,19.8,32.8,21.8,2024-08-28T05:04,2024-08-28T18:26,48141.59,45214.16,6.45,6.45,0.00,0.00,0.00,0.00,0.0,NaN,15.8,34.2,136,22.22,4.67
2024-08-29,3,30.8,18.6,33.2,20.8,2024-08-29T05:05,2024-08-29T18:25,47969.73,44920.11,6.45,6.45,0.00,0.00,0.00,0.00,0.0,NaN,11.4,25.6,181,22.50,4.81
2024-08-30,3,30.2,18.6,32.1,19.8,2024-08-30T05:06,2024-08-30T18:23,47797.23,41479.48,6.35,6.35,0.00,0.00,0.00,0.00,0.0,NaN,11.2,22.0,185,21.28,4.51
2024-08-31,3,30.8,17.8,31.4,18.6,2024-08-31T05:07,2024-08-31T18:21,47624.23,42166.13,6.30,6.30,0.00,0.00,0.00,0.00,0.0,NaN,11.6,26.3,153,21.02,4.56
2024-09-01,80,27.6,18.2,27.6,18.9,2024-09-01T05:08,2024-09-01T18:19,47450.81,12650.28,3.25,6.25,1.80,0.00,0.00,1.80,2.0,NaN,15.5,32.4,311,10.08,2.27
2024-09-02,2,30.4,17.3,31.6,18.0,2024-09-02T05:09,2024-09-02T18:17,47277.11,44395.46,6.20,6.20,0.00,0.00,0.00,0.00,0.0,NaN,14.1,24.8,181,22.00,4.75
2024-09-03,61,28.4,17.3,30.6,18.5,2024-09-03T05:11,2024-09-03T18:16,47103.23,31444.22,4.30,6.20,0.20,0.00,0.00,0.20,1.0,NaN,10.5,22.7,248,15.69,3.43
2024-09-04,80,27.1,18.1,29.2,18.1,2024-09-04T05:12,2024-09-04T18:14,46929.28,26758.67,4.75,6.10,0.70,0.60,0.00,1.20,6.0,NaN,13.2,26.6,314,14.13,3.06
2024-09-05,3,25.7,17.4,24.9,16.0,2024-09-05T05:13,2024-09-05T18:12,46755.36,43209.28,6.00,6.00,0.00,0.00,0.00,0.00,0.0,NaN,16.9,36.0,297,21.74,4.55
2024-09-06,3,24.2,15.9,24.4,16.2,2024-09-06T05:14,2024-09-06T18:10,46581.59,42686.07,4.35,5.90,0.00,0.00,0.00,0.00,0.0,NaN,19.4,39.2,110,13.70,2.69
2024-09-07,3,26.6,19.3,28.1,19.9,2024-09-07T05:15,2024-09-07T18:09,46408.05,23511.98,5.90,5.95,0.00,0.00,0.00,0.00,0.0,NaN,30.6,65.5,124,11.17,2.37
2024-09-08,3,23.4,17.6,25.9,16.0,2024-09-08T05:16,2024-09-08T18:07,46234.87,24291.68,4.85,5.95,0.00,0.00,0.00,0.00,0.0,NaN,16.2,33.8,266,11.51,2.64
2024-09-09,1,26.3,17.1,23.6,15.6,2024-09-09T05:17,2024-09-09T18:05,46061.93,43337.66,5.85,5.90,0.00,0.00,0.00,0.00,0.0,NaN,27.1,58.0,301,20.62,5.15
2024-09-10,1,25.6,16.9,23.6,15.1,2024-09-10T05:18,2024-09-10T18:03,45888.05,43287.20,5.90,5.95,0.00,0.00,0.00,0.00,0.0,NaN,18.4,38.2,302,20.83,5.06
2024-09-11,80,23.1,15.6,20.8,13.9,2024-09-11T05:20,2024-09-11T18:01,45713.15,35099.95,5.65,5.85,0.50,0.00,0.00,0.50,4.0,NaN,25.2,53.3,302,17.54,3.91
2024-09-12,3,20.7,13.2,16.6,9.7,2024-09-12T05:21,2024-09-12T18:00,45537.33,42900.42,5.30,5.65,0.00,0.00,0.00,0.00,0.0,NaN,25.5,53.3,311,20.11,4.78
2024-09-13,1,20.8,11.6,16.0,9.2,2024-09-13T05:22,2024-09-13T17:58,45360.71,43058.39,5.65,5.65,0.00,0.00,0.00,0.00,0.0,NaN,25.5,52.9,331,20.71,4.80
2024-09-14,0,22.6,12.0,17.7,9.0,2024-09-14T05:23,2024-09-14T17:56,45183.39,42680.66,5.60,5.60,0.00,0.00,0.00,0.00,0.0,NaN,28.1,59.0,353,20.79,5.04
2024-09-15,1,26.7,9.0,23.6,7.0,2024-09-15T05:24,2024-09-15T17:54,45005.50,42241.89,5.65,5.65,0.00,0.00,0.00,0.00,0.0,NaN,19.4,39.6,11,20.55,4.46
2024-09-16,3,26.7,11.5,22.5,9.5,2024-09-16T05:25,2024-09-16T17:52,44827.13,41978.95,5.50,5.50,0.00,0.00,0.00,0.00,0.0,NaN,27.0,58.7,358,19.08,5.09
2024-09-17,80,24.6,13.4,23.1,12.6,2024-09-17T05:26,2024-09-17T17:50,44648.39,34364.10,5.50,5.50,0.00,0.20,0.00,0.30,2.0,NaN,15.3,31.7,31,16.99,3.71
2024-09-18,3,23.7,13.7,24.0,13.8,2024-09-18T05:27,2024-09-18T17:49,44469.40,39017.57,5.40,5.45,0.00,0.00,0.00,0.00,0.0,NaN,12.9,25.2,231,17.70,3.22
2024-09-19,0,23.4,12.2,23.8,11.8,2024-09-19T05:28,2024-09-19T17:47,44290.24,40558.38,5.40,5.40,0.00,0.00,0.00,0.00,0.0,NaN,11.7,24.1,199,18.75,3.28
2024-09-20,3,23.2,13.3,22.6,13.5,2024-09-20T05:30,2024-09-20T17:45,44111.04,36261.04,4.60,5.35,0.00,0.00,0.00,0.00,0.0,NaN,10.5,22.7,103,15.57,2.92
2024-09-21,3,22.6,15.6,21.8,16.2,2024-09-21T05:31,2024-09-21T17:43,43931.88,26453.20,5.10,5.20,0.00,0.00,0.00,0.00,0.0,NaN,21.2,43.6,117,12.79,2.40
2024-09-22,80,20.1,16.7,22.0,18.4,2024-09-22T05:32,2024-09-22T17:41,43752.88,1457.89,4.40,5.25,0.10,2.80,0.00,3.00,10.0,NaN,13.9,28.4,110,5.12,1.03
2024-09-23,45,24.3,14.7,22.9,15.4,2024-09-23T05:33,2024-09-23T17:39,43574.14,39829.38,5.00,5.20,0.00,0.00,0.00,0.00,0.0,NaN,17.8,37.4,289,18.10,3.65
2024-09-24,3,20.9,13.3,20.8,13.4,2024-09-24T05:34,2024-09-24T17:37,43395.77,34272.48,5.15,5.15,0.00,0.00,0.00,0.00,0.0,NaN,10.7,24.5,213,15.49,2.64
2024-09-25,45,21.1,11.2,21.6,10.7,2024-09-25T05:35,2024-09-25T17:36,43217.86,28177.62,4.25,5.10,0.00,0.00,0.00,0.00,0.0,NaN,14.7,30.6,116,11.78,2.01
2024-09-26,61,25.6,18.0,27.7,18.5,2024-09-26T05:36,2024-09-26T17:34,43040.54,28976.73,5.15,5.15,1.90,0.00,0.00,1.90,2.0,NaN,23.5,47.5,20,13.87,2.83
2024-09-27,3,21.3,13.6,18.5,11.8,2024-09-27T05:38,2024-09-27T17:32,42863.88,25362.55,4.55,5.00,0.00,0.00,0.00,0.00,0.0,NaN,20.8,43.9,285,11.15,2.84
2024-09-28,1,21.0,10.4,17.1,8.7,2024-09-28T05:39,2024-09-28T17:30,42688.01,39600.00,4.85,4.85,0.00,0.00,0.00,0.00,0.0,NaN,23.5,47.9,304,17.14,3.77
2024-09-29,3,20.1,7.4,18.0,5.1,2024-09-29T05:40,2024-09-29T17:28,42512.80,39600.00,4.80,4.95,0.00,0.00,0.00,0.00,0.0,NaN,10.6,21.2,255,17.04,2.88
2024-09-30,3,22.9,10.7,23.9,9.6,2024-09-30T05:41,2024-09-30T17:27,42337.03,33868.88,4.60,4.85,0.00,0.00,0.00,0.00,0.0,NaN,10.8,23.0,297,14.32,2.50
2024-10-01,80,21.9,13.0,23.3,13.4,2024-10-01T05:42,2024-10-01T17:25,42160.58,26216.66,4.55,4.80,0.20,0.00,0.00,0.20,1.0,NaN,12.4,24.8,114,9.51,1.64
2024-10-02,61,19.2,14.7,19.4,14.1,2024-10-02T05:43,2024-10-02T17:23,41983.57,8997.38,3.20,4.80,0.20,0.00,0.00,0.20,1.0,NaN,18.2,36.4,283,8.99,2.06
2024-10-03,3,21.7,13.1,17.6,10.3,2024-10-03T05:44,2024-10-03T17:21,41806.11,39600.00,4.70,4.70,0.00,0.00,0.00,0.00,0.0,NaN,25.5,52.6,309,13.42,3.50
2024-10-04,2,20.3,11.3,17.0,8.4,2024-10-04T05:46,2024-10-04T17:19,41628.33,39600.00,4.60,4.60,0.00,0.00,0.00,0.00,0.0,NaN,18.0,36.4,324,16.53,3.53
2024-10-05,2,19.7,7.8,18.4,5.8,2024-10-05T05:47,2024-10-05T17:18,41450.33,39600.00,4.65,4.65,0.00,0.00,0.00,0.00,0.0,NaN,10.0,19.4,263,16.41,2.71
2024-10-06,61,16.0,9.5,15.8,8.0,2024-10-06T05:48,2024-10-06T17:16,41272.25,0.00,1.40,4.30,0.30,0.00,0.00,0.30,1.0,NaN,11.4,23.0,18,2.15,0.82
2024-10-07,80,20.0,15.8,20.5,15.5,2024-10-07T05:49,2024-10-07T17:14,41094.19,262.10,0.85,4.20,0.20,0.30,0.00,0.50,4.0,NaN,21.5,45.4,112,3.29,0.71
2024-10-08,80,23.5,15.1,22.7,15.1,2024-10-08T05:50,2024-10-08T17:12,40916.28,36000.00,4.40,4.40,0.10,1.80,0.00,2.00,6.0,NaN,25.6,52.9,187,13.42,2.60
2024-10-09,3,22.5,13.8,22.0,13.5,2024-10-09T05:52,2024-10-09T17:11,40738.64,34808.96,4.40,4.40,0.00,0.00,0.00,0.00,0.0,NaN,20.5,42.8,84,13.40,2.49
2024-10-10,61,21.4,14.5,18.3,13.3,2024-10-10T05:53,2024-10-10T17:09,40561.38,39600.00,4.30,4.30,0.10,0.00,0.00,0.10,1.0,NaN,20.7,43.2,297,14.66,3.41
2024-10-11,1,21.1,10.2,20.2,9.0,2024-10-11T05:54,2024-10-11T17:07,40384.64,39600.00,4.30,4.30,0.00,0.00,0.00,0.00,0.0,NaN,11.2,23.0,278,15.04,2.51
2024-10-12,80,18.1,11.1,18.7,10.0,2024-10-12T05:55,2024-10-12T17:05,40208.55,0.00,0.70,4.00,0.00,0.20,0.00,0.20,2.0,NaN,21.3,43.2,94,1.94,0.85
2024-10-13,45,22.6,14.5,23.8,15.3,2024-10-13T05:56,2024-10-13T17:04,40033.22,26223.16,4.05,4.15,0.00,0.00,0.00,0.00,0.0,NaN,11.6,24.8,40,9.13,1.66
2024-10-14,45,19.2,14.1,20.7,14.7,2024-10-14T05:58,2024-10-14T17:02,39858.79,0.00,2.95,4.05,0.00,0.00,0.00,0.00,0.0,NaN,6.9,14.0,34,4.48,0.84
2024-10-15,80,22.0,16.2,23.0,17.5,2024-10-15T05:59,2024-10-15T17:00,39685.38,23387.44,3.45,4.05,0.30,1.00,0.00,1.30,5.0,NaN,21.0,42.5,110,9.81,1.88
2024-10-16,80,20.5,18.8,20.0,17.7,2024-10-16T06:00,2024-10-16T16:59,39513.14,2045.28,3.85,4.05,0.00,7.40,0.00,7.50,15.0,NaN,28.3,59.4,130,4.19,0.96
2024-10-17,80,19.4,15.5,19.5,13.4,2024-10-17T06:01,2024-10-17T16:57,39342.19,0.00,3.25,3.90,0.00,10.10,0.00,10.10,20.0,NaN,21.7,43.9,140,0.90,0.51
2024-10-18,3,18.4,13.5,16.3,11.5,2024-10-18T06:03,2024-10-18T16:55,39172.68,36673.11,2.20,3.75,0.00,0.00,0.00,0.00,0.0,NaN,17.3,35.6,290,10.97,2.19
2024-10-19,3,21.8,13.0,21.4,12.5,2024-10-19T06:04,2024-10-19T16:54,39004.50,37808.16,3.90,3.90,0.00,0.00,0.00,0.00,0.0,NaN,7.9,18.4,307,12.69,2.22
2024-10-20,3,22.7,11.0,22.6,10.4,2024-10-20T06:05,2024-10-20T16:52,38836.26,37959.81,3.85,3.90,0.00,0.00,0.00,0.00,0.0,NaN,5.6,11.9,329,13.20,2.13
2024-10-21,3,22.4,13.0,22.8,12.7,2024-10-21T06:06,2024-10-21T16:51,38667.86,34557.60,3.85,3.85,0.00,0.00,0.00,0.00,0.0,NaN,8.4,18.7,24,10.70,1.84
2024-10-22,45,23.1,15.1,24.4,15.8,2024-10-22T06:08,2024-10-22T16:49,38499.43,33652.11,3.75,3.75,0.00,0.00,0.00,0.00,0.0,NaN,4.4,10.1,325,11.69,1.96
2024-10-23,45,22.1,13.5,21.7,13.9,2024-10-23T06:09,2024-10-23T16:48,38331.10,36089.97,3.55,3.70,0.00,0.00,0.00,0.00,0.0,NaN,11.3,24.1,15,11.75,2.06
2024-10-24,80,18.8,15.1,19.6,14.9,2024-10-24T06:10,2024-10-24T16:46,38163.05,7470.28,3.25,3.55,0.00,0.60,0.00,0.60,5.0,NaN,11.3,23.4,94,4.13,0.77
2024-10-25,80,18.8,16.5,19.6,17.5,2024-10-25T06:11,2024-10-25T16:45,37995.40,5893.26,3.15,3.50,0.00,0.10,0.00,0.10,1.0,NaN,12.9,28.4,121,5.14,0.89
2024-10-26,80,18.5,16.3,19.3,16.0,2024-10-26T06:13,2024-10-26T16:43,37828.31,0.00,3.10,3.40,0.00,3.00,0.00,3.20,14.0,NaN,18.2,37.1,115,2.10,0.53
2024-10-27,80,19.5,15.2,19.8,15.9,2024-10-27T06:14,2024-10-27T16:42,37661.93,24516.41,3.05,3.35,0.00,0.30,0.00,0.30,2.0,NaN,9.8,28.8,71,7.12,1.17
2024-10-28,3,21.1,15.2,21.4,15.4,2024-10-28T06:15,2024-10-28T16:40,37496.41,24217.68,3.25,3.40,0.00,0.00,0.00,0.00,0.0,NaN,11.5,24.5,29,8.00,1.41
2024-10-29,3,21.8,14.5,22.9,14.9,2024-10-29T06:17,2024-10-29T16:39,37331.92,30331.98,3.40,3.40,0.00,0.00,0.00,0.00,0.0,NaN,7.2,16.6,16,10.09,1.70
2024-10-30,3,21.7,13.5,22.0,13.5,2024-10-30T06:18,2024-10-30T16:37,37168.62,33717.98,3.35,3.35,0.00,0.00,0.00,0.00,0.0,NaN,11.0,23.8,32,11.04,1.80
2024-10-31,2,21.7,13.0,22.5,12.7,2024-10-31T06:19,2024-10-31T16:36,37006.68,33466.58,3.35,3.35,0.00,0.00,0.00,0.00,0.0,NaN,8.9,19.8,11,11.20,1.78
2024-11-01,1,21.6,11.0,20.9,10.1,2024-11-01T06:20,2024-11-01T16:35,36846.25,33555.52,3.30,3.30,0.00,0.00,0.00,0.00,0.0,NaN,6.1,14.0,359,11.21,1.81
2024-11-02,1,20.3,9.1,19.7,7.7,2024-11-02T06:22,2024-11-02T16:33,36687.52,32956.52,3.25,3.25,0.00,0.00,0.00,0.00,0.0,NaN,9.0,19.8,23,10.95,1.74
2024-11-03,45,18.7,9.0,18.8,7.9,2024-11-03T06:23,2024-11-03T16:32,36530.67,32697.39,3.20,3.20,0.00,0.00,0.00,0.00,0.0,NaN,7.7,16.9,23,10.66,1.55
2024-11-04,45,18.6,10.0,18.5,9.2,2024-11-04T06:24,2024-11-04T16:31,36375.88,32369.08,3.10,3.10,0.00,0.00,0.00,0.00,0.0,NaN,8.7,18.7,54,7.13,1.16
2024-11-05,45,17.5,13.0,18.0,13.4,2024-11-05T06:26,2024-11-05T16:29,36223.31,0.00,2.55,2.95,0.00,0.00,0.00,0.00,0.0,NaN,8.6,18.0,46,3.95,0.75
2024-11-06,45,19.0,12.3,19.1,12.3,2024-11-06T06:27,2024-11-06T16:28,36073.16,28553.76,1.55,3.00,0.00,0.00,0.00,0.00,0.0,NaN,8.4,18.0,18,7.39,1.18
2024-11-07,3,18.8,12.7,17.9,12.3,2024-11-07T06:28,2024-11-07T16:27,35925.65,29174.85,2.70,2.95,0.00,0.00,0.00,0.00,0.0,NaN,11.2,23.4,44,8.38,1.42
2024-11-08,61,18.1,11.4,16.9,10.3,2024-11-08T06:30,2024-11-08T16:26,35780.67,28568.88,2.90,2.90,0.00,0.10,0.00,0.10,1.0,NaN,10.7,23.0,29,8.08,1.48
2024-11-09,80,14.7,13.0,14.4,11.5,2024-11-09T06:31,2024-11-09T16:25,35636.80,0.00,1.20,2.80,46.60,0.50,0.00,47.10,20.0,NaN,13.3,26.6,347,1.71,0.49
2024-11-10,2,20.7,10.4,20.3,9.6,2024-11-10T06:32,2024-11-10T16:24,35493.95,32424.78,2.90,2.90,0.00,0.00,0.00,0.00,0.0,NaN,8.0,17.6,334,9.77,1.52
2024-11-11,3,16.9,7.5,15.4,5.9,2024-11-11T06:33,2024-11-11T16:23,35352.25,32400.00,2.85,2.85,0.00,0.00,0.00,0.00,0.0,NaN,9.8,19.1,10,9.88,1.47
2024-11-12,61,14.0,8.2,9.5,5.1,2024-11-12T06:35,2024-11-12T16:22,35211.88,32400.00,2.75,2.75,0.70,0.20,0.00,0.90,3.0,NaN,20.9,42.5,11,9.69,1.81
2024-11-13,61,14.0,6.7,11.5,4.3,2024-11-13T06:36,2024-11-13T16:21,35073.00,32400.00,2.75,2.75,0.30,0.00,0.00,0.30,2.0,NaN,18.6,37.1,29,9.57,1.69
2024-11-14,45,13.7,3.7,9.3,1.3,2024-11-14T06:37,2024-11-14T16:20,34935.79,32400.00,2.65,2.75,0.00,0.00,0.00,0.00,0.0,NaN,19.6,40.3,9,9.48,1.44
2024-11-15,0,14.0,4.1,11.6,1.5,2024-11-15T06:39,2024-11-15T16:19,34800.42,32400.00,2.75,2.75,0.00,0.00,0.00,0.00,0.0,NaN,12.9,26.3,10,9.46,1.37
2024-11-16,3,12.9,3.0,11.0,0.4,2024-11-16T06:40,2024-11-16T16:18,34667.06,20811.20,1.05,2.60,0.00,0.00,0.00,0.00,0.0,NaN,10.8,22.3,11,5.37,0.86
2024-11-17,45,18.3,4.7,17.4,2.6,2024-11-17T06:41,2024-11-17T16:17,34535.89,32400.00,2.65,2.65,0.00,0.00,0.00,0.00,0.0,NaN,13.7,27.7,299,8.80,1.46
2024-11-18,3,16.2,7.7,14.4,5.4,2024-11-18T06:43,2024-11-18T16:16,34407.11,31622.59,2.50,2.60,0.00,0.00,0.00,0.00,0.0,NaN,10.3,21.2,306,8.27,1.41
2024-11-19,3,16.0,6.2,12.8,4.1,2024-11-19T06:44,2024-11-19T16:15,34280.89,23331.71,2.20,2.60,0.00,0.00,0.00,0.00,0.0,NaN,17.1,35.3,279,7.64,1.35
2024-11-20,61,14.0,8.9,12.3,5.8,2024-11-20T06:45,2024-11-20T16:14,34157.43,22853.94,2.20,2.55,0.00,0.00,0.00,0.00,0.0,NaN,21.5,44.3,285,7.32,1.90
2024-11-21,80,12.8,5.7,11.2,3.0,2024-11-21T06:46,2024-11-21T16:14,34036.92,660.55,0.25,2.30,4.70,0.00,0.00,4.70,9.0,NaN,29.5,63.0,281,2.52,0.64
2024-11-22,3,11.6,3.4,8.2,0.5,2024-11-22T06:48,2024-11-22T16:13,33919.55,32400.00,2.50,2.50,0.00,0.00,0.00,0.00,0.0,NaN,23.3,50.0,318,8.86,1.73
2024-11-23,3,9.8,-0.3,5.7,-3.6,2024-11-23T06:49,2024-11-23T16:12,33805.53,31558.61,2.20,2.45,0.00,0.00,0.00,0.00,0.0,NaN,17.1,33.5,23,6.94,1.40
2024-11-24,3,16.9,8.9,14.6,5.5,2024-11-24T06:50,2024-11-24T16:12,33695.05,0.00,0.65,2.35,0.00,0.00,0.00,0.00,0.0,NaN,23.7,47.9,136,2.18,1.10
2024-11-25,80,17.4,15.2,17.0,12.7,2024-11-25T06:51,2024-11-25T16:11,33588.33,14128.61,1.70,2.30,0.40,0.20,0.00,0.70,5.0,NaN,28.0,60.5,142,4.02,1.00
2024-11-26,3,15.7,8.1,14.4,6.2,2024-11-26T06:52,2024-11-26T16:10,33485.56,28931.74,2.00,2.35,0.00,0.00,0.00,0.00,0.0,NaN,8.8,19.1,301,7.21,1.07
2024-11-27,45,15.4,5.2,14.0,3.3,2024-11-27T06:54,2024-11-27T16:10,33386.96,32400.00,2.35,2.35,0.00,0.00,0.00,0.00,0.0,NaN,6.2,15.1,293,8.05,1.08
2024-11-28,45,16.1,3.9,15.0,1.6,2024-11-28T06:55,2024-11-28T16:10,33292.52,32385.14,2.30,2.30,0.00,0.00,0.00,0.00,0.0,NaN,4.5,9.4,317,7.73,1.01
2024-11-29,2,15.3,5.3,12.7,3.0,2024-11-29T06:56,2024-11-29T16:09,33201.15,32318.23,2.25,2.25,0.00,0.00,0.00,0.00,0.0,NaN,11.9,25.2,6,7.72,1.18
2024-11-30,3,12.2,2.7,10.7,0.3,2024-11-30T06:57,2024-11-30T16:09,33112.75,31676.48,2.25,2.25,0.00,0.00,0.00,0.00,0.0,NaN,7.6,17.3,6,7.71,0.93
2024-12-01,45,14.0,6.4,13.5,4.5,2024-12-01T06:58,2024-12-01T16:08,33027.46,31641.27,2.25,2.25,0.00,0.00,0.00,0.00,0.0,NaN,5.1,11.5,353,7.06,0.89
2024-12-02,45,16.1,6.2,15.6,4.6,2024-12-02T06:59,2024-12-02T16:08,32945.36,26618.82,1.95,2.25,0.00,0.00,0.00,0.00,0.0,NaN,13.2,27.4,295,6.06,0.95
2024-12-03,3,13.1,5.0,9.6,2.4,2024-12-03T07:00,2024-12-03T16:08,32866.60,31412.63,2.20,2.20,0.00,0.00,0.00,0.00,0.0,NaN,12.9,26.3,307,7.65,1.35
2024-12-04,3,13.2,1.8,9.3,-1.0,2024-12-04T07:01,2024-12-04T16:08,32791.29,31992.61,2.10,2.15,0.00,0.00,0.00,0.00,0.0,NaN,13.6,29.2,343,7.83,1.27
2024-12-05,3,11.9,0.9,9.5,-2.2,2024-12-05T07:02,2024-12-05T16:07,32719.53,27501.64,1.95,2.15,0.00,0.00,0.00,0.00,0.0,NaN,6.8,16.2,326,6.57,0.86
2024-12-06,3,17.7,7.9,15.5,5.4,2024-12-06T07:03,2024-12-06T16:07,32651.47,25200.00,2.10,2.15,0.00,0.00,0.00,0.00,0.0,NaN,24.1,49.7,300,6.85,1.58
2024-12-07,61,14.9,6.5,12.4,2.4,2024-12-07T07:04,2024-12-07T16:07,32587.20,19777.16,1.00,2.10,0.10,0.00,0.00,0.10,1.0,NaN,27.8,60.5,297,4.85,1.44
2024-12-08,3,10.5,8.0,5.2,2.6,2024-12-08T07:05,2024-12-08T16:07,32526.86,24094.52,1.95,2.05,0.00,0.00,0.00,0.00,0.0,NaN,29.9,64.8,307,6.71,2.21
2024-12-09,3,10.8,6.6,7.4,3.2,2024-12-09T07:06,2024-12-09T16:07,32470.56,4649.63,1.35,1.95,0.00,0.00,0.00,0.00,0.0,NaN,14.8,33.5,321,3.74,1.06
2024-12-10,80,9.8,4.0,7.5,1.4,2024-12-10T07:07,2024-12-10T16:07,32418.41,23199.04,1.70,2.00,0.00,0.10,0.00,0.10,1.0,NaN,5.1,11.2,331,4.74,0.67
2024-12-11,3,10.6,5.1,6.9,1.3,2024-12-11T07:08,2024-12-11T16:07,32370.53,28162.90,1.95,2.00,0.00,0.00,0.00,0.00,0.0,NaN,14.8,30.6,21,6.28,1.11
2024-12-12,3,10.5,5.0,7.2,0.4,2024-12-12T07:09,2024-12-12T16:07,32327.03,26929.22,2.05,2.05,0.00,0.00,0.00,0.00,0.0,NaN,15.8,31.7,23,5.06,1.26
2024-12-13,61,7.5,5.2,5.2,2.1,2024-12-13T07:09,2024-12-13T16:08,32288.04,0.00,0.30,1.90,6.20,0.00,0.00,6.30,9.0,NaN,17.7,35.6,20,0.62,0.57
2024-12-14,45,12.0,2.9,8.8,0.6,2024-12-14T07:10,2024-12-14T16:08,32253.66,22454.82,1.80,2.05,0.00,0.00,0.00,0.00,0.0,NaN,17.1,35.3,296,6.25,1.05
2024-12-15,0,11.8,2.9,7.1,-0.0,2024-12-15T07:11,2024-12-15T16:08,32223.99,31012.40,2.05,2.05,0.00,0.00,0.00,0.00,0.0,NaN,17.7,36.0,315,7.31,1.28
2024-12-16,0,12.6,1.1,10.7,-1.8,2024-12-16T07:12,2024-12-16T16:08,32199.16,30253.37,2.10,2.10,0.00,0.00,0.00,0.00,0.0,NaN,4.8,10.1,329,6.96,0.82
2024-12-17,3,11.5,2.0,9.0,-0.9,2024-12-17T07:12,2024-12-17T16:08,32179.26,24546.08,1.90,2.00,0.00,0.00,0.00,0.00,0.0,NaN,14.5,29.5,15,4.87,0.78
2024-12-18,45,12.9,4.7,11.9,2.6,2024-12-18T07:13,2024-12-18T16:09,32164.34,29119.77,2.10,2.10,0.00,0.00,0.00,0.00,0.0,NaN,4.5,9.0,329,6.69,0.81
2024-12-19,80,12.7,5.2,11.4,1.5,2024-12-19T07:13,2024-12-19T16:09,32154.20,26297.72,2.00,2.00,0.10,0.00,0.00,0.10,1.0,NaN,26.4,56.9,313,5.21,1.23
2024-12-20,0,10.5,5.3,5.6,-0.1,2024-12-20T07:14,2024-12-20T16:10,32148.76,30712.75,2.05,2.05,0.00,0.00,0.00,0.00,0.0,NaN,27.9,57.2,309,7.30,1.91
2024-12-21,3,14.1,3.9,10.6,1.1,2024-12-21T07:14,2024-12-21T16:10,32147.97,30336.55,2.00,2.00,0.00,0.00,0.00,0.00,0.0,NaN,16.6,34.6,294,6.98,1.31
2024-12-22,3,15.7,7.2,11.6,0.9,2024-12-22T07:15,2024-12-22T16:11,32151.80,18165.54,1.50,1.95,0.00,0.00,0.00,0.00,0.0,NaN,28.8,61.6,295,4.73,1.81
2024-12-23,0,9.4,5.6,2.7,1.0,2024-12-23T07:15,2024-12-23T16:11,32160.22,30750.31,2.00,2.00,0.00,0.00,0.00,0.00,0.0,NaN,30.8,65.2,313,7.29,2.11
2024-12-24,3,11.5,5.1,8.0,0.8,2024-12-24T07:16,2024-12-24T16:12,32173.16,29202.59,1.95,2.00,0.00,0.00,0.00,0.00,0.0,NaN,15.8,30.6,320,6.98,1.23
2024-12-25,3,12.5,2.7,10.9,0.2,2024-12-25T07:16,2024-12-25T16:12,32190.60,29601.26,2.00,2.05,0.00,0.00,0.00,0.00,0.0,NaN,5.2,9.4,329,6.93,0.83
2024-12-26,0,11.5,1.2,8.4,-1.8,2024-12-26T07:16,2024-12-26T16:13,32212.47,29609.29,2.05,2.05,0.00,0.00,0.00,0.00,0.0,NaN,10.3,21.6,9,7.24,1.00
2024-12-27,0,12.0,-1.1,10.0,-4.4,2024-12-27T07:17,2024-12-27T16:14,32238.73,29615.99,2.05,2.05,0.00,0.00,0.00,0.00,0.0,NaN,5.2,9.7,334,7.23,0.79
2024-12-28,1,11.8,-0.9,9.6,-4.2,2024-12-28T07:17,2024-12-28T16:15,32269.32,29621.31,2.10,2.10,0.00,0.00,0.00,0.00,0.0,NaN,5.2,9.4,319,7.17,0.80
2024-12-29,45,12.8,-0.1,11.0,-3.2,2024-12-29T07:17,2024-12-29T16:15,32304.19,29237.91,2.05,2.05,0.00,0.00,0.00,0.00,0.0,NaN,5.2,9.7,333,7.19,0.81
2024-12-30,45,10.3,-0.7,8.3,-3.6,2024-12-30T07:17,2024-12-30T16:16,32343.29,28800.00,2.05,2.05,0.00,0.00,0.00,0.00,0.0,NaN,4.8,9.4,327,7.07,0.76
2024-12-31,45,10.1,-0.5,8.1,-3.3,2024-12-31T07:17,2024-12-31T16:17,32386.54,28800.00,2.10,2.10,0.00,0.00,0.00,0.00,0.0,NaN,4.7,9.7,354,6.99,0.75
